TIME,BCMU_A429_In_1_L312_Groundspeed_1,BCMU_A429_In_1_L312_Groundspeed_2,BCMU_A429_In_1_L274_RightMLG_WOW,BCMU_A429_In_1_L274_LeftMLG_WOW,BCMU_A429_OUT_1_L351_PARK_BRK_ON_BCMU,BCMU_A429_Out_1_L70_Left_INBD_Brake_Pressure_BCMU,BCMU_A429_Out_1_L71_Right_INBD_Brake_Pressure_BCMU,BCMU_A429_Out_1_L72_Left_OUTBD_Brake_Pressure_BCMU,BCMU_A429_Out_1_L73_Right_OUTBD_Brake_Pressure_BCMU,BCMU_A429_Out_1_L004_Left_INBD_Wheelspeed_BCMU,BCMU_A429_Out_1_L005_Right_INBD_Wheelspeed_BCMU,BCMU_A429_Out_1_L006_Left_OUTBD_Wheelspeed_BCMU,BCMU_A429_Out_1_L007_Right_OUTBD_Wheelspeed_BCMU,BCMU_A429_Out_1_L114_Left_INBD_Brake_Temperature_BCMU,BCMU_A429_Out_1_L115_Right_INBD_Brake_Temperature_BCMU,BCMU_A429_Out_1_L116_Left_OUTBD_Brake_Temperature_BCMU,BCMU_A429_Out_1_L117_Right_OUTBD_Brake_Temperature_BCMU
2020-06-01 10:07:28.000000,0.0,0.015625,0.0,0.0,1.0,3044.0,3040.0,3041.0,3044.0,0.0,0.0,0.0,0.0,23.0,23.0,25.0,23.0
2020-06-01 10:07:28.031250,0.0,0.015625,0.0,0.0,1.0,3044.0,3041.0,3041.0,3044.0,0.0,0.0,0.0,0.0,23.0,23.0,25.0,23.0
2020-06-01 10:07:28.125000,0.0,0.015625,0.0,0.0,1.0,3046.0,3042.0,3040.0,3045.0,0.0,0.0,0.0,0.0,23.0,23.0,25.0,23.0
2020-06-01 10:07:28.187500,0.0,0.015625,0.0,0.0,1.0,3035.0,3042.0,3040.0,3044.0,0.0,0.0,0.0,0.0,23.0,23.0,25.0,23.0
2020-06-01 10:07:28.218750,0.0,0.015625,0.0,0.0,1.0,3035.0,3042.0,3041.0,3044.0,0.0,0.0,0.0,0.0,23.0,22.0,25.0,23.0
2020-06-01 10:07:28.406250,0.0,0.015625,0.0,0.0,1.0,3047.0,3041.0,3043.0,3045.0,0.0,0.0,0.0,0.0,23.0,22.0,26.0,23.0
2020-06-01 10:07:28.468750,0.0,0.015625,0.0,0.0,1.0,3047.0,3041.0,3043.0,3045.0,0.0,0.0,0.0,0.0,23.0,22.0,26.0,23.0
2020-06-01 10:07:28.625000,0.0,0.015625,0.0,0.0,1.0,3047.0,3044.0,3038.0,3044.0,0.0,0.0,0.0,0.0,23.0,22.0,26.0,23.0
2020-06-01 10:07:28.656250,0.0,0.015625,0.0,0.0,1.0,3045.0,3044.0,3038.0,3044.0,0.0,0.0,0.0,0.0,23.0,22.0,26.0,23.0
2020-06-01 10:07:28.687500,0.0,0.015625,0.0,0.0,1.0,3045.0,3044.0,3038.0,3041.0,0.0,0.0,0.0,0.0,23.0,22.0,26.0,23.0
2020-06-01 10:07:28.718750,0.0,0.015625,0.0,0.0,1.0,3045.0,3044.0,3040.0,3041.0,0.0,0.0,0.0,0.0,23.0,22.0,26.0,23.0
2020-06-01 10:07:28.875000,0.0,0.015625,0.0,0.0,1.0,3046.0,3043.0,3040.0,3045.0,0.0,0.0,0.0,0.0,23.0,22.0,26.0,23.0
2020-06-01 10:07:28.968750,0.0,0.015625,0.0,0.0,1.0,3045.0,3042.0,3039.0,3045.0,0.0,0.0,0.0,0.0,23.0,22.0,26.0,23.0
2020-06-01 10:07:29.031250,0.0,0.015625,0.0,0.0,1.0,3045.0,3044.0,3036.0,3049.0,0.0,0.0,0.0,0.0,23.0,22.0,26.0,23.0
2020-06-01 10:07:29.093750,0.0,0.015625,0.0,0.0,1.0,3046.0,3044.0,3036.0,3046.0,0.0,0.0,0.0,0.0,23.0,22.0,26.0,23.0
2020-06-01 10:07:29.156250,0.0,0.015625,0.0,0.0,1.0,3030.0,3042.0,3052.0,3046.0,0.0,0.0,0.0,0.0,23.0,22.0,26.0,23.0
2020-06-01 10:07:29.281250,0.0,0.015625,0.0,0.0,1.0,3047.0,3042.0,3040.0,3047.0,0.0,0.0,0.0,0.0,23.0,22.0,26.0,23.0
2020-06-01 10:07:29.375000,0.0,0.015625,0.0,0.0,1.0,3045.0,3045.0,3039.0,3043.0,0.0,0.0,0.0,0.0,23.0,22.0,26.0,23.0
2020-06-01 10:07:29.406250,0.0,0.015625,0.0,0.0,1.0,3045.0,3045.0,3041.0,3043.0,0.0,0.0,0.0,0.0,23.0,22.0,26.0,23.0
2020-06-01 10:07:29.468750,0.0,0.015625,0.0,0.0,1.0,3046.0,3040.0,3041.0,3043.0,0.0,0.0,0.0,0.0,23.0,22.0,26.0,23.0
2020-06-01 10:07:29.500000,0.0,0.015625,0.0,0.0,1.0,3046.0,3040.0,3040.0,3043.0,0.0,0.0,0.0,0.0,23.0,22.0,26.0,23.0
2020-06-01 10:07:29.531250,0.0,0.015625,0.0,0.0,1.0,3046.0,3042.0,3040.0,3043.0,0.0,0.0,0.0,0.0,23.0,22.0,26.0,23.0
2020-06-01 10:07:29.562500,0.0,0.015625,0.0,0.0,1.0,3046.0,3042.0,3040.0,3043.0,0.0,0.0,0.0,0.0,23.0,22.0,26.0,23.0
2020-06-01 10:07:29.625000,0.0,0.015625,0.0,0.0,1.0,3046.0,3040.0,3041.0,3044.0,0.0,0.0,0.0,0.0,23.0,22.0,26.0,23.0
2020-06-01 10:07:29.656250,0.0,0.015625,0.0,0.0,1.0,3044.0,3040.0,3041.0,3044.0,0.0,0.0,0.0,0.0,23.0,22.0,26.0,23.0
2020-06-01 10:07:29.687500,0.0,0.015625,0.0,0.0,1.0,3044.0,3040.0,3041.0,3043.0,0.0,0.0,0.0,0.0,23.0,22.0,26.0,23.0
2020-06-01 10:07:29.718750,0.0,0.015625,0.0,0.0,1.0,3044.0,3040.0,3043.0,3043.0,0.0,0.0,0.0,0.0,23.0,22.0,26.0,23.0
2020-06-01 10:07:29.812500,0.0,0.015625,0.0,0.0,1.0,3046.0,3046.0,3042.0,3044.0,0.0,0.0,0.0,0.0,23.0,22.0,26.0,23.0
2020-06-01 10:07:29.843750,0.0,0.015625,0.0,0.0,1.0,3046.0,3035.0,3042.0,3044.0,0.0,0.0,0.0,0.0,23.0,22.0,26.0,23.0
2020-06-01 10:07:29.906250,0.0,0.015625,0.0,0.0,1.0,3045.0,3035.0,3044.0,3041.0,0.0,0.0,0.0,0.0,23.0,22.0,26.0,23.0
2020-06-01 10:07:29.968750,0.0,0.015625,0.0,0.0,1.0,3045.0,3041.0,3044.0,3041.0,0.0,0.0,0.0,0.0,23.0,22.0,26.0,23.0
2020-06-01 10:07:30.000000,0.0,0.015625,0.0,0.0,1.0,3045.0,3041.0,3042.0,3045.0,0.0,0.0,0.0,0.0,23.0,22.0,26.0,23.0
2020-06-01 10:07:30.062500,0.0,0.015625,0.0,0.0,1.0,3046.0,3040.0,3042.0,3045.0,0.0,0.0,0.0,0.0,23.0,22.0,26.0,23.0
2020-06-01 10:07:30.093750,0.0,0.015625,0.0,0.0,1.0,3046.0,3040.0,3042.0,3042.0,0.0,0.0,0.0,0.0,23.0,22.0,26.0,23.0
2020-06-01 10:07:30.218750,0.0,0.015625,0.0,0.0,1.0,3045.0,3042.0,3042.0,3045.0,0.0,0.0,0.0,0.0,23.0,22.0,26.0,23.0
2020-06-01 10:07:30.281250,0.0,0.015625,0.0,0.0,1.0,3047.0,3041.0,3042.0,3043.0,0.0,0.0,0.0,0.0,23.0,22.0,26.0,23.0
2020-06-01 10:07:30.312500,0.0,0.015625,0.0,0.0,1.0,3047.0,3041.0,3041.0,3043.0,0.0,0.0,0.0,0.0,23.0,22.0,26.0,23.0
2020-06-01 10:07:30.343750,0.0,0.015625,0.0,0.0,1.0,3047.0,3044.0,3041.0,3043.0,0.0,0.0,0.0,0.0,23.0,22.0,26.0,23.0
2020-06-01 10:07:30.375000,0.0,0.015625,0.0,0.0,1.0,3044.0,3044.0,3041.0,3045.0,0.0,0.0,0.0,0.0,23.0,22.0,26.0,23.0
2020-06-01 10:07:30.406250,0.0,0.015625,0.0,0.0,1.0,3044.0,3044.0,3040.0,3045.0,0.0,0.0,0.0,0.0,23.0,22.0,26.0,23.0
2020-06-01 10:07:30.468750,0.0,0.015625,0.0,0.0,1.0,3043.0,3042.0,3040.0,3045.0,0.0,0.0,0.0,0.0,23.0,22.0,26.0,23.0
2020-06-01 10:07:30.500000,0.0,0.015625,0.0,0.0,1.0,3043.0,3042.0,3050.0,3041.0,0.0,0.0,0.0,0.0,23.0,22.0,26.0,23.0
2020-06-01 10:07:30.531250,0.0,0.015625,0.0,0.0,1.0,3043.0,3041.0,3050.0,3041.0,0.0,0.0,0.0,0.0,23.0,22.0,26.0,23.0
2020-06-01 10:07:30.625000,0.0,0.015625,0.0,0.0,1.0,3045.0,3040.0,3037.0,3043.0,0.0,0.0,0.0,0.0,23.0,22.0,26.0,23.0
2020-06-01 10:07:30.718750,0.0,0.015625,0.0,0.0,1.0,3043.0,3040.0,3032.0,3042.0,0.0,0.0,0.0,0.0,23.0,22.0,26.0,23.0
2020-06-01 10:07:30.781250,0.0,0.015625,0.0,0.0,1.0,3043.0,3043.0,3032.0,3043.0,0.0,0.0,0.0,0.0,23.0,22.0,26.0,23.0
2020-06-01 10:07:30.812500,0.0,0.015625,0.0,0.0,1.0,3043.0,3043.0,3040.0,3043.0,0.0,0.0,0.0,0.0,23.0,22.0,26.0,23.0
2020-06-01 10:07:30.968750,0.0,0.015625,0.0,0.0,1.0,3043.0,3043.0,3040.0,3042.0,0.0,0.0,0.0,0.0,23.0,22.0,26.0,23.0
2020-06-01 10:07:31.000000,0.0,0.015625,0.0,0.0,1.0,3043.0,3043.0,3041.0,3044.0,0.0,0.0,0.0,0.0,23.0,22.0,26.0,23.0
2020-06-01 10:07:31.093750,0.0,0.015625,0.0,0.0,1.0,3047.0,3043.0,3041.0,3046.0,0.0,0.0,0.0,0.0,23.0,22.0,26.0,23.0
2020-06-01 10:07:31.125000,0.0,0.015625,0.0,0.0,1.0,3047.0,3040.0,3034.0,3046.0,0.0,0.0,0.0,0.0,23.0,22.0,26.0,23.0
2020-06-01 10:07:31.156250,0.0,0.015625,0.0,0.0,1.0,3046.0,3040.0,3034.0,3046.0,0.0,0.0,0.0,0.0,23.0,22.0,26.0,23.0
2020-06-01 10:07:31.218750,0.0,0.015625,0.0,0.0,1.0,3046.0,3040.0,3039.0,3043.0,0.0,0.0,0.0,0.0,23.0,22.0,26.0,23.0
2020-06-01 10:07:31.343750,0.0,0.015625,0.0,0.0,1.0,3047.0,3041.0,3042.0,3045.0,0.0,0.0,0.0,0.0,23.0,22.0,26.0,23.0
2020-06-01 10:07:31.375000,0.0,0.015625,0.0,0.0,1.0,3047.0,3041.0,3042.0,3044.0,0.0,0.0,0.0,0.0,23.0,22.0,26.0,23.0
2020-06-01 10:07:31.500000,0.0,0.015625,0.0,0.0,1.0,3043.0,3040.0,3040.0,3044.0,0.0,0.0,0.0,0.0,23.0,22.0,26.0,23.0
2020-06-01 10:07:31.562500,0.0,0.015625,0.0,0.0,1.0,3044.0,3047.0,3040.0,3044.0,0.0,0.0,0.0,0.0,23.0,22.0,26.0,23.0
2020-06-01 10:07:31.687500,0.0,0.015625,0.0,0.0,1.0,3043.0,3040.0,3043.0,3039.0,0.0,0.0,0.0,0.0,23.0,22.0,26.0,23.0
2020-06-01 10:07:31.718750,0.0,0.015625,0.0,0.0,1.0,3043.0,3040.0,3040.0,3039.0,0.0,0.0,0.0,0.0,23.0,22.0,26.0,23.0
2020-06-01 10:07:31.750000,0.0,0.015625,0.0,0.0,1.0,3049.0,3038.0,3040.0,3039.0,0.0,0.0,0.0,0.0,23.0,22.0,26.0,23.0
2020-06-01 10:07:31.781250,0.0,0.015625,0.0,0.0,1.0,3049.0,3038.0,3040.0,3046.0,0.0,0.0,0.0,0.0,23.0,22.0,26.0,23.0
2020-06-01 10:07:31.906250,0.0,0.015625,0.0,0.0,1.0,3045.0,3041.0,3042.0,3043.0,0.0,0.0,0.0,0.0,23.0,22.0,26.0,23.0
2020-06-01 10:07:31.937500,0.0,0.015625,0.0,0.0,1.0,3045.0,3043.0,3042.0,3043.0,0.0,0.0,0.0,0.0,23.0,22.0,26.0,23.0
2020-06-01 10:07:32.031250,0.0,0.015625,0.0,0.0,1.0,3046.0,3041.0,3040.0,3044.0,0.0,0.0,0.0,0.0,23.0,22.0,26.0,23.0
2020-06-01 10:07:32.125000,0.0,0.015625,0.0,0.0,1.0,3044.0,3040.0,3042.0,3043.0,0.0,0.0,0.0,0.0,23.0,22.0,26.0,23.0
2020-06-01 10:07:32.218750,0.0,0.015625,0.0,0.0,1.0,3048.0,3040.0,3044.0,3038.0,0.0,0.0,0.0,0.0,22.0,23.0,26.0,23.0
2020-06-01 10:07:32.250000,0.0,0.015625,0.0,0.0,1.0,3044.0,3043.0,3044.0,3038.0,0.0,0.0,0.0,0.0,22.0,23.0,25.0,24.0
2020-06-01 10:07:32.281250,0.0,0.015625,0.0,0.0,1.0,3044.0,3043.0,3044.0,3045.0,0.0,0.0,0.0,0.0,22.0,23.0,25.0,24.0
2020-06-01 10:07:32.312500,0.0,0.015625,0.0,0.0,1.0,3044.0,3043.0,3040.0,3045.0,0.0,0.0,0.0,0.0,22.0,23.0,25.0,24.0
2020-06-01 10:07:32.343750,0.0,0.015625,0.0,0.0,1.0,3044.0,3042.0,3040.0,3045.0,0.0,0.0,0.0,0.0,22.0,23.0,25.0,24.0
2020-06-01 10:07:32.406250,0.0,0.015625,0.0,0.0,1.0,3040.0,3042.0,3038.0,3043.0,0.0,0.0,0.0,0.0,22.0,23.0,25.0,24.0
2020-06-01 10:07:32.437500,0.0,0.015625,0.0,0.0,1.0,3040.0,3043.0,3038.0,3043.0,0.0,0.0,0.0,0.0,22.0,23.0,25.0,24.0
2020-06-01 10:07:32.500000,0.0,0.015625,0.0,0.0,1.0,3044.0,3043.0,3044.0,3047.0,0.0,0.0,0.0,0.0,22.0,23.0,25.0,24.0
2020-06-01 10:07:32.531250,0.0,0.015625,0.0,0.0,1.0,3044.0,3041.0,3044.0,3047.0,0.0,0.0,0.0,0.0,22.0,23.0,25.0,24.0
2020-06-01 10:07:32.593750,0.0,0.015625,0.0,0.0,1.0,3043.0,3041.0,3044.0,3045.0,0.0,0.0,0.0,0.0,22.0,23.0,25.0,24.0
2020-06-01 10:07:32.718750,0.0,0.015625,0.0,0.0,1.0,3046.0,3047.0,3042.0,3044.0,0.0,0.0,0.0,0.0,22.0,23.0,25.0,24.0
2020-06-01 10:07:32.750000,0.0,0.015625,0.0,0.0,1.0,3046.0,3039.0,3042.0,3044.0,0.0,0.0,0.0,0.0,22.0,23.0,25.0,24.0
2020-06-01 10:07:32.781250,0.0,0.015625,0.0,0.0,1.0,3046.0,3039.0,3042.0,3044.0,0.0,0.0,0.0,0.0,22.0,23.0,25.0,24.0
2020-06-01 10:07:32.812500,0.0,0.015625,0.0,0.0,1.0,3046.0,3039.0,3041.0,3044.0,0.0,0.0,0.0,0.0,22.0,23.0,25.0,24.0
2020-06-01 10:07:32.843750,0.0,0.015625,0.0,0.0,1.0,3046.0,3045.0,3041.0,3044.0,0.0,0.0,0.0,0.0,22.0,23.0,25.0,24.0
2020-06-01 10:07:32.875000,0.0,0.015625,0.0,0.0,1.0,3046.0,3045.0,3041.0,3045.0,0.0,0.0,0.0,0.0,22.0,23.0,25.0,24.0
2020-06-01 10:07:32.906250,0.0,0.015625,0.0,0.0,1.0,3046.0,3045.0,3038.0,3045.0,0.0,0.0,0.0,0.0,22.0,23.0,25.0,24.0
2020-06-01 10:07:32.937500,0.0,0.015625,0.0,0.0,1.0,3046.0,3041.0,3038.0,3045.0,0.0,0.0,0.0,0.0,22.0,23.0,25.0,24.0
2020-06-01 10:07:33.031250,0.0,0.015625,0.0,0.0,1.0,3043.0,3043.0,3039.0,3045.0,0.0,0.0,0.0,0.0,22.0,23.0,25.0,24.0
2020-06-01 10:07:33.093750,0.0,0.015625,0.0,0.0,1.0,3043.0,3043.0,3039.0,3043.0,0.0,0.0,0.0,0.0,22.0,23.0,25.0,24.0
2020-06-01 10:07:33.125000,0.0,0.015625,0.0,0.0,1.0,3043.0,3034.0,3037.0,3043.0,0.0,0.0,0.0,0.0,22.0,23.0,25.0,24.0
2020-06-01 10:07:33.250000,0.0,0.015625,0.0,0.0,1.0,3046.0,3042.0,3038.0,3043.0,0.0,0.0,0.0,0.0,22.0,23.0,25.0,24.0
2020-06-01 10:07:33.312500,0.0,0.015625,0.0,0.0,1.0,3046.0,3042.0,3042.0,3044.0,0.0,0.0,0.0,0.0,22.0,23.0,25.0,24.0
2020-06-01 10:07:33.343750,0.0,0.015625,0.0,0.0,1.0,3046.0,3042.0,3042.0,3044.0,0.0,0.0,0.0,0.0,22.0,23.0,25.0,24.0
2020-06-01 10:07:33.406250,0.0,0.015625,0.0,0.0,1.0,3045.0,3042.0,3040.0,3042.0,0.0,0.0,0.0,0.0,22.0,23.0,25.0,24.0
2020-06-01 10:07:33.500000,0.0,0.015625,0.0,0.0,1.0,3044.0,3042.0,3038.0,3046.0,0.0,0.0,0.0,0.0,22.0,23.0,25.0,24.0
2020-06-01 10:07:33.531250,0.0,0.015625,0.0,0.0,1.0,3044.0,3045.0,3038.0,3046.0,0.0,0.0,0.0,0.0,22.0,23.0,25.0,24.0
2020-06-01 10:07:33.562500,0.0,0.015625,0.0,0.0,1.0,3040.0,3045.0,3038.0,3046.0,0.0,0.0,0.0,0.0,22.0,23.0,25.0,24.0
2020-06-01 10:07:33.593750,0.0,0.015625,0.0,0.0,1.0,3040.0,3045.0,3038.0,3044.0,0.0,0.0,0.0,0.0,22.0,23.0,25.0,24.0
2020-06-01 10:07:33.718750,0.0,0.015625,0.0,0.0,1.0,3048.0,3044.0,3042.0,3043.0,0.0,0.0,0.0,0.0,22.0,23.0,25.0,24.0
2020-06-01 10:07:33.750000,0.0,0.015625,0.0,0.0,1.0,3051.0,3043.0,3042.0,3043.0,0.0,0.0,0.0,0.0,22.0,23.0,25.0,24.0
2020-06-01 10:07:33.812500,0.0,0.015625,0.0,0.0,1.0,3051.0,3043.0,3042.0,3043.0,0.0,0.0,0.0,0.0,22.0,23.0,25.0,24.0
2020-06-01 10:07:33.843750,0.0,0.015625,0.0,0.0,1.0,3051.0,3040.0,3042.0,3043.0,0.0,0.0,0.0,0.0,22.0,23.0,25.0,24.0
2020-06-01 10:07:33.875000,0.0,0.015625,0.0,0.0,1.0,3045.0,3040.0,3042.0,3045.0,0.0,0.0,0.0,0.0,22.0,23.0,25.0,24.0
2020-06-01 10:07:33.968750,0.0,0.015625,0.0,0.0,1.0,3038.0,3040.0,3040.0,3045.0,0.0,0.0,0.0,0.0,22.0,23.0,25.0,24.0
2020-06-01 10:07:34.000000,0.0,0.015625,0.0,0.0,1.0,3038.0,3040.0,3038.0,3042.0,0.0,0.0,0.0,0.0,22.0,23.0,25.0,24.0
2020-06-01 10:07:34.031250,0.0,0.015625,0.0,0.0,1.0,3038.0,3042.0,3038.0,3042.0,0.0,0.0,0.0,0.0,22.0,23.0,25.0,24.0
2020-06-01 10:07:34.062500,0.0,0.015625,0.0,0.0,1.0,3040.0,3042.0,3038.0,3042.0,0.0,0.0,0.0,0.0,22.0,23.0,25.0,24.0
2020-06-01 10:07:34.125000,0.0,0.015625,0.0,0.0,1.0,3040.0,3043.0,3042.0,3046.0,0.0,0.0,0.0,0.0,22.0,23.0,25.0,24.0
2020-06-01 10:07:34.156250,0.0,0.015625,0.0,0.0,1.0,3044.0,3043.0,3042.0,3046.0,0.0,0.0,0.0,0.0,22.0,23.0,25.0,24.0
2020-06-01 10:07:34.187500,0.0,0.015625,0.0,0.0,1.0,3044.0,3043.0,3042.0,3042.0,0.0,0.0,0.0,0.0,24.0,23.0,25.0,24.0
2020-06-01 10:07:34.312500,0.0,0.015625,0.0,0.0,1.0,3045.0,3042.0,3035.0,3043.0,0.0,0.0,0.0,0.0,24.0,22.0,26.0,23.0
2020-06-01 10:07:34.343750,0.0,0.015625,0.0,0.0,1.0,3045.0,3037.0,3035.0,3043.0,0.0,0.0,0.0,0.0,24.0,22.0,26.0,23.0
2020-06-01 10:07:34.406250,0.0,0.015625,0.0,0.0,1.0,3044.0,3037.0,3042.0,3044.0,0.0,0.0,0.0,0.0,24.0,22.0,26.0,23.0
2020-06-01 10:07:34.437500,0.0,0.015625,0.0,0.0,1.0,3044.0,3042.0,3042.0,3044.0,0.0,0.0,0.0,0.0,24.0,22.0,26.0,23.0
2020-06-01 10:07:34.500000,0.0,0.015625,0.0,0.0,1.0,3044.0,3042.0,3039.0,3050.0,0.0,0.0,0.0,0.0,24.0,22.0,26.0,23.0
2020-06-01 10:07:34.531250,0.0,0.015625,0.0,0.0,1.0,3044.0,3041.0,3039.0,3050.0,0.0,0.0,0.0,0.0,24.0,22.0,26.0,23.0
2020-06-01 10:07:34.562500,0.0,0.015625,0.0,0.0,1.0,3043.0,3041.0,3039.0,3050.0,0.0,0.0,0.0,0.0,24.0,22.0,26.0,23.0
2020-06-01 10:07:34.593750,0.0,0.015625,0.0,0.0,1.0,3043.0,3041.0,3039.0,3045.0,0.0,0.0,0.0,0.0,24.0,22.0,26.0,23.0
2020-06-01 10:07:34.625000,0.0,0.015625,0.0,0.0,1.0,3043.0,3042.0,3039.0,3045.0,0.0,0.0,0.0,0.0,24.0,22.0,26.0,23.0
2020-06-01 10:07:34.687500,0.0,0.015625,0.0,0.0,1.0,3043.0,3042.0,3039.0,3044.0,0.0,0.0,0.0,0.0,24.0,22.0,26.0,23.0
2020-06-01 10:07:34.718750,0.0,0.015625,0.0,0.0,1.0,3043.0,3042.0,3039.0,3044.0,0.0,0.0,0.0,0.0,24.0,22.0,26.0,23.0
2020-06-01 10:07:34.781250,0.0,0.015625,0.0,0.0,1.0,3043.0,3040.0,3039.0,3045.0,0.0,0.0,0.0,0.0,24.0,22.0,26.0,23.0
2020-06-01 10:07:34.812500,0.0,0.015625,0.0,0.0,1.0,3043.0,3040.0,3040.0,3045.0,0.0,0.0,0.0,0.0,24.0,22.0,26.0,23.0
2020-06-01 10:07:34.875000,0.0,0.015625,0.0,0.0,1.0,3047.0,3045.0,3040.0,3044.0,0.0,0.0,0.0,0.0,24.0,22.0,26.0,23.0
2020-06-01 10:07:34.906250,0.0,0.015625,0.0,0.0,1.0,3047.0,3045.0,3044.0,3044.0,0.0,0.0,0.0,0.0,24.0,22.0,26.0,23.0
2020-06-01 10:07:34.937500,0.0,0.015625,0.0,0.0,1.0,3047.0,3042.0,3044.0,3044.0,0.0,0.0,0.0,0.0,24.0,22.0,26.0,23.0
2020-06-01 10:07:35.062500,0.0,0.015625,0.0,0.0,1.0,3045.0,3044.0,3041.0,3042.0,0.0,0.0,0.0,0.0,24.0,22.0,26.0,23.0
2020-06-01 10:07:35.093750,0.0,0.015625,0.0,0.0,1.0,3045.0,3044.0,3041.0,3045.0,0.0,0.0,0.0,0.0,24.0,22.0,26.0,23.0
2020-06-01 10:07:35.125000,0.0,0.015625,0.0,0.0,1.0,3045.0,3044.0,3045.0,3045.0,0.0,0.0,0.0,0.0,24.0,22.0,26.0,23.0
2020-06-01 10:07:35.156250,0.0,0.015625,0.0,0.0,1.0,3044.0,3044.0,3045.0,3045.0,0.0,0.0,0.0,0.0,24.0,22.0,26.0,23.0
2020-06-01 10:07:35.281250,0.0,0.015625,0.0,0.0,1.0,3046.0,3044.0,3038.0,3043.0,0.0,0.0,0.0,0.0,24.0,22.0,26.0,23.0
2020-06-01 10:07:35.406250,0.0,0.015625,0.0,0.0,1.0,3041.0,3041.0,3040.0,3042.0,0.0,0.0,0.0,0.0,24.0,22.0,26.0,23.0
2020-06-01 10:07:35.437500,0.0,0.015625,0.0,0.0,1.0,3041.0,3043.0,3040.0,3042.0,0.0,0.0,0.0,0.0,24.0,22.0,26.0,23.0
2020-06-01 10:07:35.531250,0.0,0.015625,0.0,0.0,1.0,3047.0,3041.0,3038.0,3044.0,0.0,0.0,0.0,0.0,24.0,22.0,26.0,23.0
2020-06-01 10:07:35.562500,0.0,0.015625,0.0,0.0,1.0,3046.0,3041.0,3038.0,3044.0,0.0,0.0,0.0,0.0,24.0,22.0,26.0,23.0
2020-06-01 10:07:35.593750,0.0,0.015625,0.0,0.0,1.0,3046.0,3041.0,3038.0,3043.0,0.0,0.0,0.0,0.0,24.0,22.0,26.0,23.0
2020-06-01 10:07:35.687500,0.0,0.015625,0.0,0.0,1.0,3045.0,3044.0,3038.0,3044.0,0.0,0.0,0.0,0.0,24.0,22.0,26.0,23.0
2020-06-01 10:07:35.718750,0.0,0.015625,0.0,0.0,1.0,3045.0,3044.0,3037.0,3044.0,0.0,0.0,0.0,0.0,24.0,22.0,26.0,23.0
2020-06-01 10:07:35.750000,0.0,0.015625,0.0,0.0,1.0,3044.0,3037.0,3037.0,3044.0,0.0,0.0,0.0,0.0,24.0,22.0,26.0,23.0
2020-06-01 10:07:35.781250,0.0,0.015625,0.0,0.0,1.0,3044.0,3037.0,3037.0,3043.0,0.0,0.0,0.0,0.0,24.0,22.0,26.0,23.0
2020-06-01 10:07:35.843750,0.0,0.015625,0.0,0.0,1.0,3044.0,3044.0,3038.0,3043.0,0.0,0.0,0.0,0.0,24.0,22.0,26.0,23.0
2020-06-01 10:07:35.875000,0.0,0.015625,0.0,0.0,1.0,3044.0,3044.0,3038.0,3046.0,0.0,0.0,0.0,0.0,24.0,22.0,26.0,23.0
2020-06-01 10:07:35.906250,0.0,0.015625,0.0,0.0,1.0,3044.0,3044.0,3040.0,3046.0,0.0,0.0,0.0,0.0,24.0,22.0,26.0,23.0
2020-06-01 10:07:35.968750,0.0,0.015625,0.0,0.0,1.0,3046.0,3040.0,3040.0,3046.0,0.0,0.0,0.0,0.0,24.0,22.0,26.0,23.0
2020-06-01 10:07:36.000000,0.0,0.015625,0.0,0.0,1.0,3046.0,3040.0,3038.0,3042.0,0.0,0.0,0.0,0.0,24.0,22.0,26.0,23.0
2020-06-01 10:07:36.125000,0.0,0.015625,0.0,0.0,1.0,3044.0,3043.0,3041.0,3044.0,0.0,0.0,0.0,0.0,24.0,22.0,26.0,23.0
2020-06-01 10:07:36.156250,0.0,0.015625,0.0,0.0,1.0,3043.0,3043.0,3041.0,3044.0,0.0,0.0,0.0,0.0,24.0,22.0,26.0,23.0
2020-06-01 10:07:36.187500,0.0,0.015625,0.0,0.0,1.0,3043.0,3043.0,3041.0,3046.0,0.0,0.0,0.0,0.0,23.0,22.0,26.0,23.0
2020-06-01 10:07:36.218750,0.0,0.015625,0.0,0.0,1.0,3043.0,3043.0,3039.0,3046.0,0.0,0.0,0.0,0.0,23.0,23.0,26.0,23.0
2020-06-01 10:07:36.250000,0.0,0.015625,0.0,0.0,1.0,3043.0,3043.0,3039.0,3046.0,0.0,0.0,0.0,0.0,23.0,23.0,26.0,23.0
2020-06-01 10:07:36.375000,0.0,0.015625,0.0,0.0,1.0,3043.0,3042.0,3041.0,3044.0,0.0,0.0,0.0,0.0,23.0,23.0,26.0,23.0
2020-06-01 10:07:36.406250,0.0,0.015625,0.0,0.0,1.0,3043.0,3042.0,3039.0,3044.0,0.0,0.0,0.0,0.0,23.0,23.0,26.0,23.0
2020-06-01 10:07:36.437500,0.0,0.015625,0.0,0.0,1.0,3043.0,3041.0,3039.0,3044.0,0.0,0.0,0.0,0.0,23.0,23.0,26.0,23.0
2020-06-01 10:07:36.468750,0.0,0.015625,0.0,0.0,1.0,3047.0,3041.0,3039.0,3044.0,0.0,0.0,0.0,0.0,23.0,23.0,26.0,23.0
2020-06-01 10:07:36.500000,0.0,0.015625,0.0,0.0,1.0,3047.0,3041.0,3037.0,3038.0,0.0,0.0,0.0,0.0,23.0,23.0,26.0,23.0
2020-06-01 10:07:36.531250,0.0,0.015625,0.0,0.0,1.0,3047.0,3042.0,3037.0,3038.0,0.0,0.0,0.0,0.0,23.0,23.0,26.0,23.0
2020-06-01 10:07:36.562500,0.0,0.015625,0.0,0.0,1.0,3043.0,3042.0,3037.0,3038.0,0.0,0.0,0.0,0.0,23.0,23.0,26.0,23.0
2020-06-01 10:07:36.593750,0.0,0.015625,0.0,0.0,1.0,3043.0,3042.0,3037.0,3046.0,0.0,0.0,0.0,0.0,23.0,23.0,26.0,23.0
2020-06-01 10:07:36.625000,0.0,0.015625,0.0,0.0,1.0,3043.0,3045.0,3042.0,3046.0,0.0,0.0,0.0,0.0,23.0,23.0,26.0,23.0
2020-06-01 10:07:36.656250,0.0,0.015625,0.0,0.0,1.0,3042.0,3045.0,3042.0,3046.0,0.0,0.0,0.0,0.0,23.0,23.0,26.0,23.0
2020-06-01 10:07:36.781250,0.0,0.015625,0.0,0.0,1.0,3051.0,3043.0,3039.0,3044.0,0.0,0.0,0.0,0.0,23.0,23.0,26.0,23.0
2020-06-01 10:07:36.843750,0.0,0.015625,0.0,0.0,1.0,3051.0,3041.0,3032.0,3044.0,0.0,0.0,0.0,0.0,23.0,23.0,26.0,23.0
2020-06-01 10:07:37.031250,0.0,0.015625,0.0,0.0,1.0,3045.0,3043.0,3033.0,3045.0,0.0,0.0,0.0,0.0,23.0,23.0,26.0,23.0
2020-06-01 10:07:37.093750,0.0,0.015625,0.0,0.0,1.0,3044.0,3043.0,3033.0,3045.0,0.0,0.0,0.0,0.0,23.0,23.0,26.0,23.0
2020-06-01 10:07:37.125000,0.0,0.015625,0.0,0.0,1.0,3044.0,3042.0,3040.0,3045.0,0.0,0.0,0.0,0.0,23.0,23.0,26.0,23.0
2020-06-01 10:07:37.281250,0.0,0.015625,0.0,0.0,1.0,3043.0,3043.0,3039.0,3042.0,0.0,0.0,0.0,0.0,23.0,23.0,26.0,23.0
2020-06-01 10:07:37.406250,0.0,0.015625,0.0,0.0,1.0,3044.0,3040.0,3040.0,3036.0,0.0,0.0,0.0,0.0,23.0,23.0,26.0,23.0
2020-06-01 10:07:37.468750,0.0,0.015625,0.0,0.0,1.0,3050.0,3042.0,3040.0,3036.0,0.0,0.0,0.0,0.0,23.0,23.0,26.0,23.0
2020-06-01 10:07:37.500000,0.0,0.015625,0.0,0.0,1.0,3050.0,3042.0,3045.0,3045.0,0.0,0.0,0.0,0.0,23.0,23.0,26.0,23.0
2020-06-01 10:07:37.562500,0.0,0.015625,0.0,0.0,1.0,3044.0,3045.0,3045.0,3045.0,0.0,0.0,0.0,0.0,23.0,23.0,26.0,23.0
2020-06-01 10:07:37.625000,0.0,0.015625,0.0,0.0,1.0,3044.0,3040.0,3040.0,3048.0,0.0,0.0,0.0,0.0,23.0,23.0,26.0,23.0
2020-06-01 10:07:37.687500,0.0,0.015625,0.0,0.0,1.0,3043.0,3040.0,3040.0,3041.0,0.0,0.0,0.0,0.0,23.0,23.0,26.0,23.0
2020-06-01 10:07:37.750000,0.0,0.015625,0.0,0.0,1.0,3052.0,3042.0,3041.0,3041.0,0.0,0.0,0.0,0.0,23.0,23.0,26.0,23.0
2020-06-01 10:07:37.781250,0.0,0.015625,0.0,0.0,1.0,3052.0,3042.0,3041.0,3043.0,0.0,0.0,0.0,0.0,23.0,23.0,26.0,23.0
2020-06-01 10:07:37.812500,0.0,0.015625,0.0,0.0,1.0,3052.0,3042.0,3044.0,3043.0,0.0,0.0,0.0,0.0,23.0,23.0,26.0,23.0
2020-06-01 10:07:38.062500,0.0,0.015625,0.0,0.0,1.0,3037.0,3038.0,3040.0,3044.0,0.0,0.0,0.0,0.0,23.0,23.0,26.0,23.0
2020-06-01 10:07:38.125000,0.0,0.015625,0.0,0.0,1.0,3037.0,3042.0,3039.0,3045.0,0.0,0.0,0.0,0.0,23.0,23.0,26.0,23.0
2020-06-01 10:07:38.218750,0.0,0.015625,0.0,0.0,1.0,3037.0,3042.0,3039.0,3046.0,0.0,0.0,0.0,0.0,23.0,23.0,26.0,23.0
2020-06-01 10:07:38.281250,0.0,0.015625,0.0,0.0,1.0,3046.0,3045.0,3039.0,3044.0,0.0,0.0,0.0,0.0,23.0,23.0,26.0,23.0
2020-06-01 10:07:38.312500,0.0,0.015625,0.0,0.0,1.0,3046.0,3045.0,3039.0,3044.0,0.0,0.0,0.0,0.0,23.0,23.0,26.0,23.0
2020-06-01 10:07:38.468750,0.0,0.015625,0.0,0.0,1.0,3045.0,3042.0,3041.0,3045.0,0.0,0.0,0.0,0.0,23.0,23.0,26.0,23.0
2020-06-01 10:07:38.593750,0.0,0.015625,0.0,0.0,1.0,3043.0,3047.0,3040.0,3046.0,0.0,0.0,0.0,0.0,23.0,23.0,26.0,23.0
2020-06-01 10:07:38.718750,0.0,0.015625,0.0,0.0,1.0,3043.0,3041.0,3040.0,3043.0,0.0,0.0,0.0,0.0,23.0,23.0,26.0,23.0
2020-06-01 10:07:38.750000,0.0,0.015625,0.0,0.0,1.0,3045.0,3041.0,3040.0,3043.0,0.0,0.0,0.0,0.0,23.0,23.0,26.0,23.0
2020-06-01 10:07:38.781250,0.0,0.015625,0.0,0.0,1.0,3045.0,3041.0,3040.0,3042.0,0.0,0.0,0.0,0.0,23.0,23.0,26.0,23.0
2020-06-01 10:07:38.906250,0.0,0.015625,0.0,0.0,1.0,3043.0,3039.0,3042.0,3042.0,0.0,0.0,0.0,0.0,23.0,23.0,26.0,23.0
2020-06-01 10:07:38.968750,0.0,0.015625,0.0,0.0,1.0,3045.0,3043.0,3042.0,3042.0,0.0,0.0,0.0,0.0,23.0,23.0,26.0,23.0
2020-06-01 10:07:39.031250,0.0,0.015625,0.0,0.0,1.0,3045.0,3041.0,3040.0,3046.0,0.0,0.0,0.0,0.0,23.0,23.0,26.0,23.0
2020-06-01 10:07:39.125000,0.0,0.015625,0.0,0.0,1.0,3043.0,3043.0,3038.0,3044.0,0.0,0.0,0.0,0.0,23.0,23.0,26.0,23.0
2020-06-01 10:07:39.187500,0.0,0.015625,0.0,0.0,1.0,3041.0,3043.0,3038.0,3046.0,0.0,0.0,0.0,0.0,23.0,23.0,26.0,23.0
2020-06-01 10:07:39.218750,0.0,0.015625,0.0,0.0,1.0,3041.0,3043.0,3039.0,3046.0,0.0,0.0,0.0,0.0,23.0,23.0,26.0,23.0
2020-06-01 10:07:39.250000,0.0,0.015625,0.0,0.0,1.0,3044.0,3042.0,3039.0,3046.0,0.0,0.0,0.0,0.0,23.0,23.0,26.0,23.0
2020-06-01 10:07:39.281250,0.0,0.015625,0.0,0.0,1.0,3044.0,3042.0,3039.0,3045.0,0.0,0.0,0.0,0.0,23.0,23.0,26.0,23.0
2020-06-01 10:07:39.343750,0.0,0.015625,0.0,0.0,1.0,3044.0,3042.0,3039.0,3045.0,0.0,0.0,0.0,0.0,23.0,23.0,26.0,23.0
2020-06-01 10:07:39.406250,0.0,0.015625,0.0,0.0,1.0,3047.0,3042.0,3041.0,3043.0,0.0,0.0,0.0,0.0,23.0,23.0,26.0,23.0
2020-06-01 10:07:39.437500,0.0,0.015625,0.0,0.0,1.0,3047.0,3041.0,3041.0,3043.0,0.0,0.0,0.0,0.0,23.0,23.0,26.0,23.0
2020-06-01 10:07:39.500000,0.0,0.015625,0.0,0.0,1.0,3048.0,3041.0,3040.0,3043.0,0.0,0.0,0.0,0.0,23.0,23.0,26.0,23.0
2020-06-01 10:07:39.531250,0.0,0.015625,0.0,0.0,1.0,3048.0,3045.0,3040.0,3043.0,0.0,0.0,0.0,0.0,23.0,23.0,26.0,23.0
2020-06-01 10:07:39.562500,0.0,0.015625,0.0,0.0,1.0,3044.0,3045.0,3040.0,3043.0,0.0,0.0,0.0,0.0,23.0,23.0,26.0,23.0
2020-06-01 10:07:39.593750,0.0,0.015625,0.0,0.0,1.0,3044.0,3045.0,3040.0,3045.0,0.0,0.0,0.0,0.0,23.0,23.0,26.0,23.0
2020-06-01 10:07:39.625000,0.0,0.015625,0.0,0.0,1.0,3044.0,3040.0,3040.0,3045.0,0.0,0.0,0.0,0.0,23.0,23.0,26.0,23.0
2020-06-01 10:07:39.687500,0.0,0.015625,0.0,0.0,1.0,3045.0,3040.0,3040.0,3039.0,0.0,0.0,0.0,0.0,23.0,23.0,26.0,23.0
2020-06-01 10:07:39.718750,0.0,0.015625,0.0,0.0,1.0,3045.0,3040.0,3039.0,3039.0,0.0,0.0,0.0,0.0,23.0,23.0,26.0,23.0
2020-06-01 10:07:39.781250,0.0,0.015625,0.0,0.0,1.0,3046.0,3043.0,3039.0,3043.0,0.0,0.0,0.0,0.0,23.0,23.0,26.0,23.0
2020-06-01 10:07:39.843750,0.0,0.015625,0.0,0.0,1.0,3046.0,3045.0,3040.0,3043.0,0.0,0.0,0.0,0.0,23.0,23.0,26.0,23.0
2020-06-01 10:07:40.062500,0.0,0.015625,0.0,0.0,1.0,3044.0,3042.0,3042.0,3038.0,0.0,0.0,0.0,0.0,23.0,23.0,26.0,23.0
2020-06-01 10:07:40.093750,0.0,0.015625,0.0,0.0,1.0,3044.0,3042.0,3042.0,3044.0,0.0,0.0,0.0,0.0,23.0,23.0,26.0,23.0
2020-06-01 10:07:40.187500,0.0,0.015625,0.0,0.0,1.0,3045.0,3041.0,3041.0,3044.0,0.0,0.0,0.0,0.0,22.0,23.0,26.0,23.0
2020-06-01 10:07:40.250000,0.0,0.015625,0.0,0.0,1.0,3043.0,3043.0,3041.0,3044.0,0.0,0.0,0.0,0.0,22.0,23.0,26.0,24.0
2020-06-01 10:07:40.343750,0.0,0.015625,0.0,0.0,1.0,3043.0,3041.0,3039.0,3044.0,0.0,0.0,0.0,0.0,22.0,23.0,26.0,24.0
2020-06-01 10:07:40.406250,0.0,0.015625,0.0,0.0,1.0,3044.0,3041.0,3038.0,3044.0,0.0,0.0,0.0,0.0,22.0,23.0,26.0,24.0
2020-06-01 10:07:40.437500,0.0,0.015625,0.0,0.0,1.0,3044.0,3046.0,3038.0,3044.0,0.0,0.0,0.0,0.0,22.0,23.0,26.0,24.0
2020-06-01 10:07:40.500000,0.0,0.015625,0.0,0.0,1.0,3043.0,3046.0,3039.0,3043.0,0.0,0.0,0.0,0.0,22.0,23.0,26.0,24.0
2020-06-01 10:07:40.531250,0.0,0.015625,0.0,0.0,1.0,3043.0,3042.0,3039.0,3043.0,0.0,0.0,0.0,0.0,22.0,23.0,26.0,24.0
2020-06-01 10:07:40.625000,0.0,0.015625,0.0,0.0,1.0,3042.0,3042.0,3037.0,3042.0,0.0,0.0,0.0,0.0,22.0,23.0,26.0,24.0
2020-06-01 10:07:40.687500,0.0,0.015625,0.0,0.0,1.0,3045.0,3042.0,3037.0,3042.0,0.0,0.0,0.0,0.0,22.0,23.0,26.0,24.0
2020-06-01 10:07:40.718750,0.0,0.015625,0.0,0.0,1.0,3045.0,3042.0,3042.0,3042.0,0.0,0.0,0.0,0.0,22.0,23.0,26.0,24.0
2020-06-01 10:07:40.750000,0.0,0.015625,0.0,0.0,1.0,3040.0,3045.0,3042.0,3042.0,0.0,0.0,0.0,0.0,22.0,23.0,26.0,24.0
2020-06-01 10:07:40.781250,0.0,0.015625,0.0,0.0,1.0,3040.0,3045.0,3042.0,3045.0,0.0,0.0,0.0,0.0,22.0,23.0,26.0,24.0
2020-06-01 10:07:40.843750,0.0,0.015625,0.0,0.0,1.0,3040.0,3043.0,3038.0,3045.0,0.0,0.0,0.0,0.0,22.0,23.0,26.0,24.0
2020-06-01 10:07:40.875000,0.0,0.015625,0.0,0.0,1.0,3046.0,3043.0,3038.0,3042.0,0.0,0.0,0.0,0.0,22.0,23.0,26.0,24.0
2020-06-01 10:07:40.937500,0.0,0.015625,0.0,0.0,1.0,3046.0,3044.0,3040.0,3042.0,0.0,0.0,0.0,0.0,22.0,23.0,26.0,24.0
2020-06-01 10:07:41.000000,0.0,0.015625,0.0,0.0,1.0,3044.0,3044.0,3040.0,3044.0,0.0,0.0,0.0,0.0,22.0,23.0,26.0,24.0
2020-06-01 10:07:41.156250,0.0,0.015625,0.0,0.0,1.0,3045.0,3037.0,3041.0,3042.0,0.0,0.0,0.0,0.0,22.0,23.0,26.0,24.0
2020-06-01 10:07:41.187500,0.0,0.015625,0.0,0.0,1.0,3045.0,3037.0,3041.0,3041.0,0.0,0.0,0.0,0.0,22.0,23.0,26.0,24.0
2020-06-01 10:07:41.218750,0.0,0.015625,0.0,0.0,1.0,3045.0,3037.0,3042.0,3041.0,0.0,0.0,0.0,0.0,22.0,23.0,26.0,24.0
2020-06-01 10:07:41.250000,0.0,0.015625,0.0,0.0,1.0,3043.0,3042.0,3042.0,3041.0,0.0,0.0,0.0,0.0,22.0,23.0,26.0,24.0
2020-06-01 10:07:41.312500,0.0,0.015625,0.0,0.0,1.0,3043.0,3042.0,3040.0,3041.0,0.0,0.0,0.0,0.0,22.0,23.0,26.0,24.0
2020-06-01 10:07:41.375000,0.0,0.015625,0.0,0.0,1.0,3046.0,3044.0,3040.0,3047.0,0.0,0.0,0.0,0.0,22.0,23.0,26.0,24.0
2020-06-01 10:07:41.406250,0.0,0.015625,0.0,0.0,1.0,3046.0,3044.0,3040.0,3047.0,0.0,0.0,0.0,0.0,22.0,23.0,26.0,24.0
2020-06-01 10:07:41.468750,0.0,0.015625,0.0,0.0,1.0,3048.0,3041.0,3040.0,3047.0,0.0,0.0,0.0,0.0,22.0,23.0,26.0,24.0
2020-06-01 10:07:41.500000,0.0,0.015625,0.0,0.0,1.0,3048.0,3041.0,3040.0,3045.0,0.0,0.0,0.0,0.0,22.0,23.0,26.0,24.0
2020-06-01 10:07:41.562500,0.0,0.015625,0.0,0.0,1.0,3045.0,3042.0,3040.0,3045.0,0.0,0.0,0.0,0.0,22.0,23.0,26.0,24.0
2020-06-01 10:07:41.687500,0.0,0.015625,0.0,0.0,1.0,3045.0,3041.0,3043.0,3044.0,0.0,0.0,0.0,0.0,22.0,23.0,26.0,24.0
2020-06-01 10:07:41.718750,0.0,0.015625,0.0,0.0,1.0,3045.0,3041.0,3045.0,3044.0,0.0,0.0,0.0,0.0,22.0,23.0,26.0,24.0
2020-06-01 10:07:41.781250,0.0,0.015625,0.0,0.0,1.0,3042.0,3045.0,3045.0,3041.0,0.0,0.0,0.0,0.0,22.0,23.0,26.0,24.0
2020-06-01 10:07:41.843750,0.0,0.015625,0.0,0.0,1.0,3042.0,3045.0,3041.0,3041.0,0.0,0.0,0.0,0.0,22.0,23.0,26.0,24.0
2020-06-01 10:07:41.937500,0.0,0.015625,0.0,0.0,1.0,3049.0,3037.0,3041.0,3044.0,0.0,0.0,0.0,0.0,22.0,23.0,26.0,24.0
2020-06-01 10:07:42.031250,0.0,0.015625,0.0,0.0,1.0,3048.0,3041.0,3040.0,3045.0,0.0,0.0,0.0,0.0,22.0,23.0,26.0,24.0
2020-06-01 10:07:42.093750,0.0,0.015625,0.0,0.0,1.0,3047.0,3041.0,3040.0,3042.0,0.0,0.0,0.0,0.0,22.0,23.0,26.0,24.0
2020-06-01 10:07:42.187500,0.0,0.015625,0.0,0.0,1.0,3045.0,3042.0,3041.0,3043.0,0.0,0.0,0.0,0.0,23.0,23.0,26.0,24.0
2020-06-01 10:07:42.250000,0.0,0.015625,0.0,0.0,1.0,3045.0,3040.0,3041.0,3043.0,0.0,0.0,0.0,0.0,23.0,23.0,25.0,24.0
2020-06-01 10:07:42.468750,0.0,0.015625,0.0,0.0,1.0,3046.0,3042.0,3042.0,3040.0,0.0,0.0,0.0,0.0,23.0,23.0,25.0,24.0
2020-06-01 10:07:42.500000,0.0,0.015625,0.0,0.0,1.0,3046.0,3042.0,3039.0,3043.0,0.0,0.0,0.0,0.0,23.0,23.0,25.0,24.0
2020-06-01 10:07:42.562500,0.0,0.015625,0.0,0.0,1.0,3048.0,3044.0,3039.0,3043.0,0.0,0.0,0.0,0.0,23.0,23.0,25.0,24.0
2020-06-01 10:07:42.593750,0.0,0.015625,0.0,0.0,1.0,3048.0,3044.0,3039.0,3045.0,0.0,0.0,0.0,0.0,23.0,23.0,25.0,24.0
2020-06-01 10:07:42.656250,0.0,0.015625,0.0,0.0,1.0,3046.0,3042.0,3042.0,3045.0,0.0,0.0,0.0,0.0,23.0,23.0,25.0,24.0
2020-06-01 10:07:42.718750,0.0,0.015625,0.0,0.0,1.0,3046.0,3042.0,3042.0,3045.0,0.0,0.0,0.0,0.0,23.0,23.0,25.0,24.0
2020-06-01 10:07:42.843750,0.0,0.015625,0.0,0.0,1.0,3047.0,3041.0,3041.0,3042.0,0.0,0.0,0.0,0.0,23.0,23.0,25.0,24.0
2020-06-01 10:07:42.875000,0.0,0.015625,0.0,0.0,1.0,3047.0,3041.0,3041.0,3046.0,0.0,0.0,0.0,0.0,23.0,23.0,25.0,24.0
2020-06-01 10:07:42.906250,0.0,0.015625,0.0,0.0,1.0,3047.0,3041.0,3041.0,3046.0,0.0,0.0,0.0,0.0,23.0,23.0,25.0,24.0
2020-06-01 10:07:43.000000,0.0,0.015625,0.0,0.0,1.0,3045.0,3042.0,3040.0,3044.0,0.0,0.0,0.0,0.0,23.0,23.0,25.0,24.0
2020-06-01 10:07:43.062500,0.0,0.015625,0.0,0.0,1.0,3045.0,3039.0,3040.0,3044.0,0.0,0.0,0.0,0.0,23.0,23.0,25.0,24.0
2020-06-01 10:07:43.093750,0.0,0.015625,0.0,0.0,1.0,3045.0,3039.0,3040.0,3043.0,0.0,0.0,0.0,0.0,23.0,23.0,25.0,24.0
2020-06-01 10:07:43.156250,0.0,0.015625,0.0,0.0,1.0,3044.0,3039.0,3039.0,3043.0,0.0,0.0,0.0,0.0,23.0,23.0,25.0,24.0
2020-06-01 10:07:43.250000,0.0,0.015625,0.0,0.0,1.0,3042.0,3042.0,3038.0,3043.0,0.0,0.0,0.0,0.0,23.0,23.0,25.0,24.0
2020-06-01 10:07:43.343750,0.0,0.015625,0.0,0.0,1.0,3042.0,3041.0,3039.0,3047.0,0.0,0.0,0.0,0.0,23.0,23.0,25.0,24.0
2020-06-01 10:07:43.375000,0.0,0.015625,0.0,0.0,1.0,3045.0,3041.0,3039.0,3043.0,0.0,0.0,0.0,0.0,23.0,23.0,25.0,24.0
2020-06-01 10:07:43.406250,0.0,0.015625,0.0,0.0,1.0,3045.0,3041.0,3041.0,3043.0,0.0,0.0,0.0,0.0,23.0,23.0,25.0,24.0
2020-06-01 10:07:43.437500,0.0,0.015625,0.0,0.0,1.0,3045.0,3043.0,3041.0,3043.0,0.0,0.0,0.0,0.0,23.0,23.0,25.0,24.0
2020-06-01 10:07:43.500000,0.0,0.015625,0.0,0.0,1.0,3046.0,3043.0,3040.0,3044.0,0.0,0.0,0.0,0.0,23.0,23.0,25.0,24.0
2020-06-01 10:07:43.531250,0.0,0.015625,0.0,0.0,1.0,3046.0,3037.0,3040.0,3044.0,0.0,0.0,0.0,0.0,23.0,23.0,25.0,24.0
2020-06-01 10:07:43.593750,0.0,0.015625,0.0,0.0,1.0,3046.0,3037.0,3040.0,3043.0,0.0,0.0,0.0,0.0,23.0,23.0,25.0,24.0
2020-06-01 10:07:43.687500,0.0,0.015625,0.0,0.0,1.0,3044.0,3041.0,3042.0,3043.0,0.0,0.0,0.0,0.0,23.0,23.0,25.0,24.0
2020-06-01 10:07:43.750000,0.0,0.015625,0.0,0.0,1.0,3044.0,3044.0,3041.0,3043.0,0.0,0.0,0.0,0.0,23.0,23.0,25.0,24.0
2020-06-01 10:07:43.781250,0.0,0.015625,0.0,0.0,1.0,3044.0,3044.0,3041.0,3045.0,0.0,0.0,0.0,0.0,23.0,23.0,25.0,24.0
2020-06-01 10:07:43.875000,0.0,0.015625,0.0,0.0,1.0,3045.0,3045.0,3039.0,3042.0,0.0,0.0,0.0,0.0,23.0,23.0,25.0,24.0
2020-06-01 10:07:43.937500,0.0,0.015625,0.0,0.0,1.0,3045.0,3042.0,3040.0,3042.0,0.0,0.0,0.0,0.0,23.0,23.0,25.0,24.0
2020-06-01 10:07:43.968750,0.0,0.015625,0.0,0.0,1.0,3047.0,3042.0,3040.0,3042.0,0.0,0.0,0.0,0.0,23.0,23.0,25.0,24.0
2020-06-01 10:07:44.062500,0.0,0.015625,0.0,0.0,1.0,3046.0,3047.0,3041.0,3039.0,0.0,0.0,0.0,0.0,23.0,23.0,25.0,24.0
2020-06-01 10:07:44.125000,0.0,0.015625,0.0,0.0,1.0,3046.0,3042.0,3036.0,3046.0,0.0,0.0,0.0,0.0,23.0,23.0,25.0,24.0
2020-06-01 10:07:44.156250,0.0,0.015625,0.0,0.0,1.0,3045.0,3042.0,3036.0,3046.0,0.0,0.0,0.0,0.0,23.0,23.0,25.0,24.0
2020-06-01 10:07:44.187500,0.0,0.015625,0.0,0.0,1.0,3045.0,3042.0,3036.0,3044.0,0.0,0.0,0.0,0.0,24.0,23.0,25.0,24.0
2020-06-01 10:07:44.250000,0.0,0.015625,0.0,0.0,1.0,3046.0,3040.0,3039.0,3044.0,0.0,0.0,0.0,0.0,24.0,23.0,26.0,23.0
2020-06-01 10:07:44.312500,0.0,0.015625,0.0,0.0,1.0,3046.0,3040.0,3049.0,3044.0,0.0,0.0,0.0,0.0,24.0,23.0,26.0,23.0
2020-06-01 10:07:44.343750,0.0,0.015625,0.0,0.0,1.0,3046.0,3041.0,3049.0,3044.0,0.0,0.0,0.0,0.0,24.0,23.0,26.0,23.0
2020-06-01 10:07:44.406250,0.0,0.015625,0.0,0.0,1.0,3044.0,3041.0,3043.0,3046.0,0.0,0.0,0.0,0.0,24.0,23.0,26.0,23.0
2020-06-01 10:07:44.468750,0.0,0.015625,0.0,0.0,1.0,3047.0,3042.0,3043.0,3046.0,0.0,0.0,0.0,0.0,24.0,23.0,26.0,23.0
2020-06-01 10:07:44.500000,0.0,0.015625,0.0,0.0,1.0,3047.0,3042.0,3042.0,3045.0,0.0,0.0,0.0,0.0,24.0,23.0,26.0,23.0
2020-06-01 10:07:44.593750,0.0,0.015625,0.0,0.0,1.0,3043.0,3042.0,3042.0,3040.0,0.0,0.0,0.0,0.0,24.0,23.0,26.0,23.0
2020-06-01 10:07:44.656250,0.0,0.015625,0.0,0.0,1.0,3047.0,3042.0,3042.0,3040.0,0.0,0.0,0.0,0.0,24.0,23.0,26.0,23.0
2020-06-01 10:07:44.718750,0.0,0.015625,0.0,0.0,1.0,3047.0,3042.0,3039.0,3044.0,0.0,0.0,0.0,0.0,24.0,23.0,26.0,23.0
2020-06-01 10:07:44.750000,0.0,0.015625,0.0,0.0,1.0,3045.0,3040.0,3039.0,3044.0,0.0,0.0,0.0,0.0,24.0,23.0,26.0,23.0
2020-06-01 10:07:44.812500,0.0,0.015625,0.0,0.0,1.0,3045.0,3040.0,3042.0,3042.0,0.0,0.0,0.0,0.0,24.0,23.0,26.0,23.0
2020-06-01 10:07:44.875000,0.0,0.015625,0.0,0.0,1.0,3043.0,3040.0,3042.0,3045.0,0.0,0.0,0.0,0.0,24.0,23.0,26.0,23.0
2020-06-01 10:07:44.906250,0.0,0.015625,0.0,0.0,1.0,3043.0,3040.0,3037.0,3045.0,0.0,0.0,0.0,0.0,24.0,23.0,26.0,23.0
2020-06-01 10:07:45.062500,0.0,0.015625,0.0,0.0,1.0,3037.0,3043.0,3038.0,3044.0,0.0,0.0,0.0,0.0,24.0,23.0,26.0,23.0
2020-06-01 10:07:45.093750,0.0,0.015625,0.0,0.0,1.0,3037.0,3043.0,3038.0,3045.0,0.0,0.0,0.0,0.0,24.0,23.0,26.0,23.0
2020-06-01 10:07:45.125000,0.0,0.015625,0.0,0.0,1.0,3037.0,3042.0,3039.0,3045.0,0.0,0.0,0.0,0.0,24.0,23.0,26.0,23.0
2020-06-01 10:07:45.250000,0.0,0.015625,0.0,0.0,1.0,3044.0,3048.0,3052.0,3042.0,0.0,0.0,0.0,0.0,24.0,23.0,26.0,23.0
2020-06-01 10:07:45.281250,0.0,0.015625,0.0,0.0,1.0,3044.0,3048.0,3052.0,3046.0,0.0,0.0,0.0,0.0,24.0,23.0,26.0,23.0
2020-06-01 10:07:45.343750,0.0,0.015625,0.0,0.0,1.0,3044.0,3043.0,3048.0,3046.0,0.0,0.0,0.0,0.0,24.0,23.0,26.0,23.0
2020-06-01 10:07:45.375000,0.0,0.015625,0.0,0.0,1.0,3044.0,3043.0,3048.0,3046.0,0.0,0.0,0.0,0.0,24.0,23.0,26.0,23.0
2020-06-01 10:07:45.406250,0.0,0.015625,0.0,0.0,1.0,3044.0,3043.0,3037.0,3046.0,0.0,0.0,0.0,0.0,24.0,23.0,26.0,23.0
2020-06-01 10:07:45.468750,0.0,0.015625,0.0,0.0,1.0,3044.0,3045.0,3037.0,3046.0,0.0,0.0,0.0,0.0,24.0,23.0,26.0,23.0
2020-06-01 10:07:45.687500,0.0,0.015625,0.0,0.0,1.0,3045.0,3043.0,3039.0,3047.0,0.0,0.0,0.0,0.0,24.0,23.0,26.0,23.0
2020-06-01 10:07:45.718750,0.0,0.015625,0.0,0.0,1.0,3045.0,3043.0,3040.0,3047.0,0.0,0.0,0.0,0.0,24.0,23.0,26.0,23.0
2020-06-01 10:07:45.750000,0.0,0.015625,0.0,0.0,1.0,3043.0,3041.0,3040.0,3047.0,0.0,0.0,0.0,0.0,24.0,23.0,26.0,23.0
2020-06-01 10:07:45.781250,0.0,0.015625,0.0,0.0,1.0,3043.0,3041.0,3040.0,3044.0,0.0,0.0,0.0,0.0,24.0,23.0,26.0,23.0
2020-06-01 10:07:45.812500,0.0,0.015625,0.0,0.0,1.0,3043.0,3041.0,3039.0,3044.0,0.0,0.0,0.0,0.0,24.0,23.0,26.0,23.0
2020-06-01 10:07:45.875000,0.0,0.015625,0.0,0.0,1.0,3044.0,3038.0,3039.0,3048.0,0.0,0.0,0.0,0.0,24.0,23.0,26.0,23.0
2020-06-01 10:07:45.906250,0.0,0.015625,0.0,0.0,1.0,3044.0,3038.0,3041.0,3048.0,0.0,0.0,0.0,0.0,24.0,23.0,26.0,23.0
2020-06-01 10:07:45.937500,0.0,0.015625,0.0,0.0,1.0,3044.0,3040.0,3041.0,3048.0,0.0,0.0,0.0,0.0,24.0,23.0,26.0,23.0
2020-06-01 10:07:45.968750,0.0,0.015625,0.0,0.0,1.0,3043.0,3040.0,3041.0,3048.0,0.0,0.0,0.0,0.0,24.0,23.0,26.0,23.0
2020-06-01 10:07:46.031250,0.0,0.015625,0.0,0.0,1.0,3043.0,3043.0,3038.0,3045.0,0.0,0.0,0.0,0.0,24.0,23.0,26.0,23.0
2020-06-01 10:07:46.062500,0.0,0.015625,0.0,0.0,1.0,3044.0,3043.0,3038.0,3045.0,0.0,0.0,0.0,0.0,24.0,23.0,26.0,23.0
2020-06-01 10:07:46.125000,0.0,0.015625,0.0,0.0,1.0,3044.0,3043.0,3037.0,3040.0,0.0,0.0,0.0,0.0,24.0,23.0,26.0,23.0
2020-06-01 10:07:46.156250,0.0,0.015625,0.0,0.0,1.0,3045.0,3043.0,3037.0,3040.0,0.0,0.0,0.0,0.0,24.0,23.0,26.0,23.0
2020-06-01 10:07:46.187500,0.0,0.015625,0.0,0.0,1.0,3045.0,3043.0,3037.0,3046.0,0.0,0.0,0.0,0.0,24.0,23.0,26.0,23.0
2020-06-01 10:07:46.218750,0.0,0.015625,0.0,0.0,1.0,3045.0,3043.0,3040.0,3046.0,0.0,0.0,0.0,0.0,24.0,24.0,26.0,23.0
2020-06-01 10:07:46.281250,0.0,0.015625,0.0,0.0,1.0,3044.0,3043.0,3040.0,3041.0,0.0,0.0,0.0,0.0,24.0,24.0,25.0,24.0
2020-06-01 10:07:46.343750,0.0,0.015625,0.0,0.0,1.0,3044.0,3041.0,3039.0,3041.0,0.0,0.0,0.0,0.0,24.0,24.0,25.0,24.0
2020-06-01 10:07:46.375000,0.0,0.015625,0.0,0.0,1.0,3046.0,3041.0,3039.0,3044.0,0.0,0.0,0.0,0.0,24.0,24.0,25.0,24.0
2020-06-01 10:07:46.406250,0.0,0.015625,0.0,0.0,1.0,3046.0,3041.0,3038.0,3044.0,0.0,0.0,0.0,0.0,24.0,24.0,25.0,24.0
2020-06-01 10:07:46.468750,0.0,0.015625,0.0,0.0,1.0,3047.0,3043.0,3038.0,3044.0,0.0,0.0,0.0,0.0,24.0,24.0,25.0,24.0
2020-06-01 10:07:46.500000,0.0,0.015625,0.0,0.0,1.0,3047.0,3043.0,3042.0,3042.0,0.0,0.0,0.0,0.0,24.0,24.0,25.0,24.0
2020-06-01 10:07:46.531250,0.0,0.015625,0.0,0.0,1.0,3047.0,3047.0,3042.0,3042.0,0.0,0.0,0.0,0.0,24.0,24.0,25.0,24.0
2020-06-01 10:07:46.593750,0.0,0.015625,0.0,0.0,1.0,3045.0,3047.0,3042.0,3042.0,0.0,0.0,0.0,0.0,24.0,24.0,25.0,24.0
2020-06-01 10:07:46.750000,0.0,0.015625,0.0,0.0,1.0,3047.0,3045.0,3039.0,3041.0,0.0,0.0,0.0,0.0,24.0,24.0,25.0,24.0
2020-06-01 10:07:46.875000,0.0,0.015625,0.0,0.0,1.0,3045.0,3041.0,3040.0,3045.0,0.0,0.0,0.0,0.0,24.0,24.0,25.0,24.0
2020-06-01 10:07:46.906250,0.0,0.015625,0.0,0.0,1.0,3045.0,3041.0,3034.0,3045.0,0.0,0.0,0.0,0.0,24.0,24.0,25.0,24.0
2020-06-01 10:07:46.937500,0.0,0.015625,0.0,0.0,1.0,3045.0,3039.0,3034.0,3045.0,0.0,0.0,0.0,0.0,24.0,24.0,25.0,24.0
2020-06-01 10:07:47.000000,0.0,0.015625,0.0,0.0,1.0,3045.0,3039.0,3038.0,3038.0,0.0,0.0,0.0,0.0,24.0,24.0,25.0,24.0
2020-06-01 10:07:47.062500,0.0,0.015625,0.0,0.0,1.0,3043.0,3041.0,3038.0,3038.0,0.0,0.0,0.0,0.0,24.0,24.0,25.0,24.0
2020-06-01 10:07:47.093750,0.0,0.015625,0.0,0.0,1.0,3043.0,3041.0,3038.0,3046.0,0.0,0.0,0.0,0.0,24.0,24.0,25.0,24.0
2020-06-01 10:07:47.187500,0.0,0.015625,0.0,0.0,1.0,3044.0,3039.0,3043.0,3044.0,0.0,0.0,0.0,0.0,24.0,24.0,25.0,24.0
2020-06-01 10:07:47.218750,0.0,0.015625,0.0,0.0,1.0,3044.0,3039.0,3041.0,3044.0,0.0,0.0,0.0,0.0,24.0,24.0,25.0,24.0
2020-06-01 10:07:47.343750,0.0,0.015625,0.0,0.0,1.0,3044.0,3043.0,3039.0,3044.0,0.0,0.0,0.0,0.0,24.0,24.0,25.0,24.0
2020-06-01 10:07:47.375000,0.0,0.015625,0.0,0.0,1.0,3044.0,3043.0,3039.0,3045.0,0.0,0.0,0.0,0.0,24.0,24.0,25.0,24.0
2020-06-01 10:07:47.406250,0.0,0.015625,0.0,0.0,1.0,3044.0,3043.0,3041.0,3045.0,0.0,0.0,0.0,0.0,24.0,24.0,25.0,24.0
2020-06-01 10:07:47.625000,0.0,0.015625,0.0,0.0,1.0,3044.0,3043.0,3040.0,3045.0,0.0,0.0,0.0,0.0,24.0,24.0,25.0,24.0
2020-06-01 10:07:47.875000,0.0,0.015625,0.0,0.0,1.0,3042.0,3045.0,3040.0,3046.0,0.0,0.0,0.0,0.0,24.0,24.0,25.0,24.0
2020-06-01 10:07:47.906250,0.0,0.0,0.0,0.0,1.0,3042.0,3045.0,3041.0,3046.0,0.0,0.0,0.0,0.0,24.0,24.0,25.0,24.0
2020-06-01 10:07:47.968750,0.0,0.0,0.0,0.0,1.0,3043.0,3042.0,3041.0,3046.0,0.0,0.0,0.0,0.0,24.0,24.0,25.0,24.0
2020-06-01 10:07:48.062500,0.0,0.0,0.0,0.0,1.0,3044.0,3041.0,3041.0,3045.0,0.0,0.0,0.0,0.0,24.0,24.0,25.0,24.0
2020-06-01 10:07:48.156250,0.0,0.0,0.0,0.0,1.0,3045.0,3041.0,3042.0,3046.0,0.0,0.0,0.0,0.0,24.0,24.0,25.0,24.0
2020-06-01 10:07:48.187500,0.0,0.0,0.0,0.0,1.0,3045.0,3041.0,3042.0,3042.0,0.0,0.0,0.0,0.0,23.0,24.0,25.0,24.0
2020-06-01 10:07:48.218750,0.0,0.0,0.0,0.0,1.0,3045.0,3041.0,3039.0,3042.0,0.0,0.0,0.0,0.0,23.0,22.0,25.0,24.0
2020-06-01 10:07:48.281250,0.0,0.0,0.0,0.0,1.0,3044.0,3043.0,3039.0,3043.0,0.0,0.0,0.0,0.0,23.0,22.0,26.0,23.0
2020-06-01 10:07:48.312500,0.0,0.0,0.0,0.0,1.0,3044.0,3043.0,3040.0,3043.0,0.0,0.0,0.0,0.0,23.0,22.0,26.0,23.0
2020-06-01 10:07:48.343750,0.0,0.0,0.0,0.0,1.0,3044.0,3045.0,3040.0,3043.0,0.0,0.0,0.0,0.0,23.0,22.0,26.0,23.0
2020-06-01 10:07:48.500000,0.0,0.0,0.0,0.0,1.0,3045.0,3041.0,3045.0,3035.0,0.0,0.0,0.0,0.0,23.0,22.0,26.0,23.0
2020-06-01 10:07:48.562500,0.0,0.0,0.0,0.0,1.0,3042.0,3045.0,3045.0,3035.0,0.0,0.0,0.0,0.0,23.0,22.0,26.0,23.0
2020-06-01 10:07:48.593750,0.0,0.0,0.0,0.0,1.0,3042.0,3045.0,3045.0,3042.0,0.0,0.0,0.0,0.0,23.0,22.0,26.0,23.0
2020-06-01 10:07:48.625000,0.0,0.0,0.0,0.0,1.0,3042.0,3042.0,3040.0,3042.0,0.0,0.0,0.0,0.0,23.0,22.0,26.0,23.0
2020-06-01 10:07:48.718750,0.0,0.0,0.0,0.0,1.0,3044.0,3042.0,3043.0,3043.0,0.0,0.0,0.0,0.0,23.0,22.0,26.0,23.0
2020-06-01 10:07:48.781250,0.0,0.0,0.0,0.0,1.0,3045.0,3046.0,3043.0,3046.0,0.0,0.0,0.0,0.0,23.0,22.0,26.0,23.0
2020-06-01 10:07:48.843750,0.0,0.0,0.0,0.0,1.0,3045.0,3041.0,3041.0,3046.0,0.0,0.0,0.0,0.0,23.0,22.0,26.0,23.0
2020-06-01 10:07:48.875000,0.0,0.0,0.0,0.0,1.0,3047.0,3041.0,3041.0,3045.0,0.0,0.0,0.0,0.0,23.0,22.0,26.0,23.0
2020-06-01 10:07:48.906250,0.0,0.0,0.0,0.0,1.0,3047.0,3041.0,3040.0,3045.0,0.0,0.0,0.0,0.0,23.0,22.0,26.0,23.0
2020-06-01 10:07:48.937500,0.0,0.0,0.0,0.0,1.0,3047.0,3044.0,3040.0,3045.0,0.0,0.0,0.0,0.0,23.0,22.0,26.0,23.0
2020-06-01 10:07:48.968750,0.0,0.0,0.0,0.0,1.0,3042.0,3044.0,3040.0,3045.0,0.0,0.0,0.0,0.0,23.0,22.0,26.0,23.0
2020-06-01 10:07:49.125000,0.0,0.0,0.0,0.0,1.0,3047.0,3042.0,3040.0,3043.0,0.0,0.0,0.0,0.0,23.0,22.0,26.0,23.0
2020-06-01 10:07:49.156250,0.0,0.0,0.0,0.0,1.0,3045.0,3042.0,3040.0,3043.0,0.0,0.0,0.0,0.0,23.0,22.0,26.0,23.0
2020-06-01 10:07:49.218750,0.0,0.0,0.0,0.0,1.0,3045.0,3042.0,3042.0,3042.0,0.0,0.0,0.0,0.0,23.0,22.0,26.0,23.0
2020-06-01 10:07:49.250000,0.0,0.0,0.0,0.0,1.0,3042.0,3042.0,3042.0,3042.0,0.0,0.0,0.0,0.0,23.0,22.0,26.0,23.0
2020-06-01 10:07:49.312500,0.0,0.0,0.0,0.0,1.0,3042.0,3042.0,3041.0,3048.0,0.0,0.0,0.0,0.0,23.0,22.0,26.0,23.0
2020-06-01 10:07:49.343750,0.0,0.0,0.0,0.0,1.0,3042.0,3043.0,3041.0,3048.0,0.0,0.0,0.0,0.0,23.0,22.0,26.0,23.0
2020-06-01 10:07:49.406250,0.0,0.0,0.0,0.0,1.0,3043.0,3043.0,3033.0,3041.0,0.0,0.0,0.0,0.0,23.0,22.0,26.0,23.0
2020-06-01 10:07:49.437500,0.0,0.015625,0.0,0.0,1.0,3043.0,3041.0,3033.0,3041.0,0.0,0.0,0.0,0.0,23.0,22.0,26.0,23.0
2020-06-01 10:07:49.468750,0.0,0.0,0.0,0.0,1.0,3039.0,3041.0,3033.0,3041.0,0.0,0.0,0.0,0.0,23.0,22.0,26.0,23.0
2020-06-01 10:07:49.531250,0.0,0.0,0.0,0.0,1.0,3039.0,3043.0,3039.0,3043.0,0.0,0.0,0.0,0.0,23.0,22.0,26.0,23.0
2020-06-01 10:07:49.562500,0.0,0.0,0.0,0.0,1.0,3050.0,3043.0,3039.0,3043.0,0.0,0.0,0.0,0.0,23.0,22.0,26.0,23.0
2020-06-01 10:07:49.625000,0.0,0.0,0.0,0.0,1.0,3050.0,3042.0,3039.0,3035.0,0.0,0.0,0.0,0.0,23.0,22.0,26.0,23.0
2020-06-01 10:07:49.750000,0.0,0.0,0.0,0.0,1.0,3045.0,3040.0,3030.0,3044.0,0.0,0.0,0.0,0.0,23.0,22.0,26.0,23.0
2020-06-01 10:07:49.781250,0.0,0.0,0.0,0.0,1.0,3045.0,3040.0,3030.0,3043.0,0.0,0.0,0.0,0.0,23.0,22.0,26.0,23.0
2020-06-01 10:07:49.812500,0.0,0.0,0.0,0.0,1.0,3045.0,3040.0,3041.0,3043.0,0.0,0.0,0.0,0.0,23.0,22.0,26.0,23.0
2020-06-01 10:07:49.875000,0.0,0.0,0.0,0.0,1.0,3043.0,3043.0,3041.0,3044.0,0.0,0.0,0.0,0.0,23.0,22.0,26.0,23.0
2020-06-01 10:07:50.093750,0.0,0.0,0.0,0.0,1.0,3045.0,3044.0,3040.0,3044.0,0.0,0.0,0.0,0.0,23.0,22.0,26.0,23.0
2020-06-01 10:07:50.187500,0.0,0.0,0.0,0.0,1.0,3042.0,3041.0,3040.0,3042.0,0.0,0.0,0.0,0.0,23.0,22.0,26.0,23.0
2020-06-01 10:07:50.250000,0.0,0.0,0.0,0.0,1.0,3044.0,3044.0,3040.0,3042.0,0.0,0.0,0.0,0.0,23.0,22.0,25.0,24.0
2020-06-01 10:07:50.343750,0.0,0.0,0.0,0.0,1.0,3044.0,3043.0,3037.0,3046.0,0.0,0.0,0.0,0.0,23.0,22.0,25.0,24.0
2020-06-01 10:07:50.406250,0.0,0.0,0.0,0.0,1.0,3041.0,3043.0,3041.0,3040.0,0.0,0.0,0.0,0.0,23.0,22.0,25.0,24.0
2020-06-01 10:07:50.437500,0.0,0.0,0.0,0.0,1.0,3041.0,3041.0,3041.0,3040.0,0.0,0.0,0.0,0.0,23.0,22.0,25.0,24.0
2020-06-01 10:07:50.500000,0.0,0.0,0.0,0.0,1.0,3038.0,3041.0,3037.0,3045.0,0.0,0.0,0.0,0.0,23.0,22.0,25.0,24.0
2020-06-01 10:07:50.562500,0.0,0.0,0.0,0.0,1.0,3044.0,3044.0,3037.0,3045.0,0.0,0.0,0.0,0.0,23.0,22.0,25.0,24.0
2020-06-01 10:07:50.656250,0.0,0.0,0.0,0.0,1.0,3044.0,3040.0,3039.0,3044.0,0.0,0.0,0.0,0.0,23.0,22.0,25.0,24.0
2020-06-01 10:07:50.750000,0.0,0.0,0.0,0.0,1.0,3045.0,3044.0,3040.0,3043.0,0.0,0.0,0.0,0.0,23.0,22.0,25.0,24.0
2020-06-01 10:07:50.843750,0.0,0.0,0.0,0.0,1.0,3045.0,3037.0,3039.0,3052.0,0.0,0.0,0.0,0.0,23.0,22.0,25.0,24.0
2020-06-01 10:07:50.875000,0.0,0.0,0.0,0.0,1.0,3042.0,3037.0,3039.0,3045.0,0.0,0.0,0.0,0.0,23.0,22.0,25.0,24.0
2020-06-01 10:07:50.968750,0.0,0.0,0.0,0.0,1.0,3044.0,3042.0,3039.0,3045.0,0.0,0.0,0.0,0.0,23.0,22.0,25.0,24.0
2020-06-01 10:07:51.000000,0.0,0.0,0.0,0.0,1.0,3044.0,3042.0,3042.0,3045.0,0.0,0.0,0.0,0.0,23.0,22.0,25.0,24.0
2020-06-01 10:07:51.031250,0.0,0.0,0.0,0.0,1.0,3044.0,3042.0,3042.0,3045.0,0.0,0.0,0.0,0.0,23.0,22.0,25.0,24.0
2020-06-01 10:07:51.187500,0.0,0.0,0.0,0.0,1.0,3047.0,3043.0,3038.0,3044.0,0.0,0.0,0.0,0.0,23.0,22.0,25.0,24.0
2020-06-01 10:07:51.281250,0.0,0.0,0.0,0.0,1.0,3044.0,3041.0,3038.0,3043.0,0.0,0.0,0.0,0.0,23.0,22.0,25.0,24.0
2020-06-01 10:07:51.375000,0.0,0.0,0.0,0.0,1.0,3044.0,3044.0,3038.0,3044.0,0.0,0.0,0.0,0.0,23.0,22.0,25.0,24.0
2020-06-01 10:07:51.437500,0.0,0.0,0.0,0.0,1.0,3044.0,3044.0,3040.0,3044.0,0.0,0.0,0.0,0.0,23.0,22.0,25.0,24.0
2020-06-01 10:07:51.500000,0.0,0.0,0.0,0.0,1.0,3044.0,3044.0,3041.0,3044.0,0.0,0.0,0.0,0.0,23.0,22.0,25.0,24.0
2020-06-01 10:07:51.562500,0.0,0.0,0.0,0.0,1.0,3044.0,3044.0,3041.0,3044.0,0.0,0.0,0.0,0.0,23.0,22.0,25.0,24.0
2020-06-01 10:07:51.593750,0.0,0.0,0.0,0.0,1.0,3044.0,3044.0,3041.0,3041.0,0.0,0.0,0.0,0.0,23.0,22.0,25.0,24.0
2020-06-01 10:07:51.625000,0.0,0.0,0.0,0.0,1.0,3044.0,3040.0,3037.0,3041.0,0.0,0.0,0.0,0.0,23.0,22.0,25.0,24.0
2020-06-01 10:07:51.812500,0.0,0.0,0.0,0.0,1.0,3045.0,3044.0,3039.0,3044.0,0.0,0.0,0.0,0.0,23.0,22.0,25.0,24.0
2020-06-01 10:07:51.906250,0.0,0.0,0.0,0.0,1.0,3043.0,3040.0,3040.0,3045.0,0.0,0.0,0.0,0.0,23.0,22.0,25.0,24.0
2020-06-01 10:07:51.937500,0.0,0.0,0.0,0.0,1.0,3043.0,3039.0,3040.0,3045.0,0.0,0.0,0.0,0.0,23.0,22.0,25.0,24.0
2020-06-01 10:07:52.000000,0.0,0.0,0.0,0.0,1.0,3042.0,3039.0,3038.0,3046.0,0.0,0.0,0.0,0.0,23.0,22.0,25.0,24.0
2020-06-01 10:07:52.031250,0.0,0.0,0.0,0.0,1.0,3042.0,3039.0,3038.0,3046.0,0.0,0.0,0.0,0.0,23.0,22.0,25.0,24.0
2020-06-01 10:07:52.062500,0.0,0.0,0.0,0.0,1.0,3044.0,3039.0,3038.0,3046.0,0.0,0.0,0.0,0.0,23.0,22.0,25.0,24.0
2020-06-01 10:07:52.093750,0.0,0.0,0.0,0.0,1.0,3044.0,3039.0,3038.0,3042.0,0.0,0.0,0.0,0.0,23.0,22.0,25.0,24.0
2020-06-01 10:07:52.187500,0.0,0.0,0.0,0.0,1.0,3045.0,3041.0,3039.0,3045.0,0.0,0.0,0.0,0.0,23.0,22.0,25.0,24.0
2020-06-01 10:07:52.250000,0.0,0.0,0.0,0.0,1.0,3044.0,3041.0,3039.0,3045.0,0.0,0.0,0.0,0.0,23.0,23.0,25.0,22.0
2020-06-01 10:07:52.468750,0.0,0.0,0.0,0.0,1.0,3045.0,3045.0,3039.0,3044.0,0.0,0.0,0.0,0.0,23.0,23.0,25.0,22.0
2020-06-01 10:07:52.500000,0.0,0.0,0.0,0.0,1.0,3045.0,3045.0,3040.0,3044.0,0.0,0.0,0.0,0.0,23.0,23.0,25.0,22.0
2020-06-01 10:07:52.562500,0.0,0.0,0.0,0.0,1.0,3043.0,3038.0,3040.0,3044.0,0.0,0.0,0.0,0.0,23.0,23.0,25.0,22.0
2020-06-01 10:07:52.593750,0.0,0.0,0.0,0.0,1.0,3043.0,3038.0,3040.0,3043.0,0.0,0.0,0.0,0.0,23.0,23.0,25.0,22.0
2020-06-01 10:07:52.625000,0.0,0.0,0.0,0.0,1.0,3043.0,3043.0,3039.0,3043.0,0.0,0.0,0.0,0.0,23.0,23.0,25.0,22.0
2020-06-01 10:07:52.687500,0.0,0.0,0.0,0.0,1.0,3045.0,3043.0,3039.0,3045.0,0.0,0.0,0.0,0.0,23.0,23.0,25.0,22.0
2020-06-01 10:07:52.750000,0.0,0.0,0.0,0.0,1.0,3043.0,3042.0,3040.0,3045.0,0.0,0.0,0.0,0.0,23.0,23.0,25.0,22.0
2020-06-01 10:07:52.843750,0.0,0.0,0.0,0.0,1.0,3043.0,3046.0,3039.0,3043.0,0.0,0.0,0.0,0.0,23.0,23.0,25.0,22.0
2020-06-01 10:07:52.906250,0.0,0.0,0.0,0.0,1.0,3044.0,3046.0,3041.0,3044.0,0.0,0.0,0.0,0.0,23.0,23.0,25.0,22.0
2020-06-01 10:07:52.968750,0.0,0.0,0.0,0.0,1.0,3045.0,3044.0,3041.0,3044.0,0.0,0.0,0.0,0.0,23.0,23.0,25.0,22.0
2020-06-01 10:07:53.000000,0.0,0.0,0.0,0.0,1.0,3045.0,3044.0,3037.0,3043.0,0.0,0.0,0.0,0.0,23.0,23.0,25.0,22.0
2020-06-01 10:07:53.125000,0.0,0.0,0.0,0.0,1.0,3046.0,3042.0,3041.0,3045.0,0.0,0.0,0.0,0.0,23.0,23.0,25.0,22.0
2020-06-01 10:07:53.187500,0.0,0.0,0.0,0.0,1.0,3043.0,3042.0,3041.0,3044.0,0.0,0.0,0.0,0.0,23.0,23.0,25.0,22.0
2020-06-01 10:07:53.468750,0.0,0.0,0.0,0.0,1.0,3045.0,3038.0,3044.0,3046.0,0.0,0.0,0.0,0.0,23.0,23.0,25.0,22.0
2020-06-01 10:07:53.500000,0.0,0.0,0.0,0.0,1.0,3045.0,3038.0,3041.0,3047.0,0.0,0.0,0.0,0.0,23.0,23.0,25.0,22.0
2020-06-01 10:07:53.531250,0.0,0.0,0.0,0.0,1.0,3045.0,3038.0,3041.0,3047.0,0.0,0.0,0.0,0.0,23.0,23.0,25.0,22.0
2020-06-01 10:07:53.593750,0.0,0.0,0.0,0.0,1.0,3046.0,3038.0,3041.0,3044.0,0.0,0.0,0.0,0.0,23.0,23.0,25.0,22.0
2020-06-01 10:07:53.750000,0.0,0.0,0.0,0.0,1.0,3045.0,3042.0,3041.0,3044.0,0.0,0.0,0.0,0.0,23.0,23.0,25.0,22.0
2020-06-01 10:07:53.812500,0.0,0.0,0.0,0.0,1.0,3045.0,3042.0,3038.0,3045.0,0.0,0.0,0.0,0.0,23.0,23.0,25.0,22.0
2020-06-01 10:07:53.843750,0.0,0.0,0.0,0.0,1.0,3045.0,3039.0,3038.0,3045.0,0.0,0.0,0.0,0.0,23.0,23.0,25.0,22.0
2020-06-01 10:07:53.906250,0.0,0.0,0.0,0.0,1.0,3044.0,3039.0,3041.0,3044.0,0.0,0.0,0.0,0.0,23.0,23.0,25.0,22.0
2020-06-01 10:07:53.937500,0.0,0.0,0.0,0.0,1.0,3044.0,3041.0,3041.0,3044.0,0.0,0.0,0.0,0.0,23.0,23.0,25.0,22.0
2020-06-01 10:07:53.968750,0.0,0.0,0.0,0.0,1.0,3045.0,3041.0,3041.0,3044.0,0.0,0.0,0.0,0.0,23.0,23.0,25.0,22.0
2020-06-01 10:07:54.031250,0.0,0.0,0.0,0.0,1.0,3045.0,3045.0,3039.0,3043.0,0.0,0.0,0.0,0.0,23.0,23.0,25.0,22.0
2020-06-01 10:07:54.062500,0.0,0.0,0.0,0.0,1.0,3042.0,3045.0,3039.0,3043.0,0.0,0.0,0.0,0.0,23.0,23.0,25.0,22.0
2020-06-01 10:07:54.093750,0.0,0.0,0.0,0.0,1.0,3042.0,3045.0,3039.0,3042.0,0.0,0.0,0.0,0.0,23.0,23.0,25.0,22.0
2020-06-01 10:07:54.156250,0.0,0.0,0.0,0.0,1.0,3048.0,3043.0,3040.0,3042.0,0.0,0.0,0.0,0.0,23.0,23.0,25.0,22.0
2020-06-01 10:07:54.187500,0.0,0.0,0.0,0.0,1.0,3048.0,3043.0,3040.0,3041.0,0.0,0.0,0.0,0.0,22.0,23.0,25.0,22.0
2020-06-01 10:07:54.312500,0.0,0.0,0.0,0.0,1.0,3044.0,3041.0,3040.0,3043.0,0.0,0.0,0.0,0.0,22.0,23.0,25.0,23.0
2020-06-01 10:07:54.343750,0.0,0.0,0.0,0.0,1.0,3044.0,3041.0,3040.0,3043.0,0.0,0.0,0.0,0.0,22.0,23.0,25.0,23.0
2020-06-01 10:07:54.500000,0.0,0.0,0.0,0.0,1.0,3047.0,3044.0,3040.0,3044.0,0.0,0.0,0.0,0.0,22.0,23.0,25.0,23.0
2020-06-01 10:07:54.531250,0.0,0.0,0.0,0.0,1.0,3047.0,3042.0,3040.0,3044.0,0.0,0.0,0.0,0.0,22.0,23.0,25.0,23.0
2020-06-01 10:07:54.625000,0.0,0.0,0.0,0.0,1.0,3049.0,3042.0,3043.0,3045.0,0.0,0.0,0.0,0.0,22.0,23.0,25.0,23.0
2020-06-01 10:07:54.656250,0.0,0.0,0.0,0.0,1.0,3045.0,3042.0,3043.0,3045.0,0.0,0.0,0.0,0.0,22.0,23.0,25.0,23.0
2020-06-01 10:07:54.687500,0.0,0.0,0.0,0.0,1.0,3045.0,3042.0,3043.0,3037.0,0.0,0.0,0.0,0.0,22.0,23.0,25.0,23.0
2020-06-01 10:07:54.843750,0.0,0.0,0.0,0.0,1.0,3044.0,3045.0,3036.0,3044.0,0.0,0.0,0.0,0.0,22.0,23.0,25.0,23.0
2020-06-01 10:07:54.875000,0.0,0.0,0.0,0.0,1.0,3044.0,3045.0,3036.0,3043.0,0.0,0.0,0.0,0.0,22.0,23.0,25.0,23.0
2020-06-01 10:07:55.000000,0.0,0.0,0.0,0.0,1.0,3046.0,3042.0,3041.0,3045.0,0.0,0.0,0.0,0.0,22.0,23.0,25.0,23.0
2020-06-01 10:07:55.093750,0.0,0.0,0.0,0.0,1.0,3039.0,3043.0,3041.0,3046.0,0.0,0.0,0.0,0.0,22.0,23.0,25.0,23.0
2020-06-01 10:07:55.125000,0.0,0.0,0.0,0.0,1.0,3039.0,3040.0,3034.0,3046.0,0.0,0.0,0.0,0.0,22.0,23.0,25.0,23.0
2020-06-01 10:07:55.156250,0.0,0.0,0.0,0.0,1.0,3045.0,3040.0,3034.0,3046.0,0.0,0.0,0.0,0.0,22.0,23.0,25.0,23.0
2020-06-01 10:07:55.312500,0.0,0.0,0.0,0.0,1.0,3046.0,3044.0,3039.0,3044.0,0.0,0.0,0.0,0.0,22.0,23.0,25.0,23.0
2020-06-01 10:07:55.343750,0.0,0.0,0.0,0.0,1.0,3046.0,3043.0,3039.0,3044.0,0.0,0.0,0.0,0.0,22.0,23.0,25.0,23.0
2020-06-01 10:07:55.375000,0.0,0.0,0.0,0.0,1.0,3043.0,3043.0,3039.0,3045.0,0.0,0.0,0.0,0.0,22.0,23.0,25.0,23.0
2020-06-01 10:07:55.500000,0.0,0.0,0.0,0.0,1.0,3044.0,3045.0,3041.0,3042.0,0.0,0.0,0.0,0.0,22.0,23.0,25.0,23.0
2020-06-01 10:07:55.531250,0.0,0.0,0.0,0.0,1.0,3044.0,3042.0,3041.0,3042.0,0.0,0.0,0.0,0.0,22.0,23.0,25.0,23.0
2020-06-01 10:07:55.562500,0.0,0.0,0.0,0.0,1.0,3034.0,3042.0,3041.0,3042.0,0.0,0.0,0.0,0.0,22.0,23.0,25.0,23.0
2020-06-01 10:07:55.593750,0.0,0.0,0.0,0.0,1.0,3034.0,3042.0,3041.0,3040.0,0.0,0.0,0.0,0.0,22.0,23.0,25.0,23.0
2020-06-01 10:07:55.656250,0.0,0.0,0.0,0.0,1.0,3044.0,3042.0,3041.0,3040.0,0.0,0.0,0.0,0.0,22.0,23.0,25.0,23.0
2020-06-01 10:07:55.687500,0.0,0.0,0.0,0.0,1.0,3044.0,3042.0,3041.0,3045.0,0.0,0.0,0.0,0.0,22.0,23.0,25.0,23.0
2020-06-01 10:07:55.812500,0.0,0.0,0.0,0.0,1.0,3047.0,3041.0,3039.0,3043.0,0.0,0.0,0.0,0.0,22.0,23.0,25.0,23.0
2020-06-01 10:07:55.843750,0.0,0.0,0.0,0.0,1.0,3047.0,3042.0,3039.0,3043.0,0.0,0.0,0.0,0.0,22.0,23.0,25.0,23.0
2020-06-01 10:07:55.875000,0.0,0.0,0.0,0.0,1.0,3039.0,3042.0,3039.0,3046.0,0.0,0.0,0.0,0.0,22.0,23.0,25.0,23.0
2020-06-01 10:07:55.906250,0.0,0.0,0.0,0.0,1.0,3039.0,3042.0,3045.0,3046.0,0.0,0.0,0.0,0.0,22.0,23.0,25.0,23.0
2020-06-01 10:07:55.968750,0.0,0.0,0.0,0.0,1.0,3044.0,3042.0,3045.0,3046.0,0.0,0.0,0.0,0.0,22.0,23.0,25.0,23.0
2020-06-01 10:07:56.000000,0.0,0.0,0.0,0.0,1.0,3044.0,3042.0,3039.0,3042.0,0.0,0.0,0.0,0.0,22.0,23.0,25.0,23.0
2020-06-01 10:07:56.093750,0.0,0.0,0.0,0.0,1.0,3045.0,3042.0,3039.0,3045.0,0.0,0.0,0.0,0.0,22.0,23.0,25.0,23.0
2020-06-01 10:07:56.125000,0.0,0.0,0.0,0.0,1.0,3045.0,3044.0,3040.0,3045.0,0.0,0.0,0.0,0.0,22.0,23.0,25.0,23.0
2020-06-01 10:07:56.156250,0.0,0.0,0.0,0.0,1.0,3044.0,3044.0,3040.0,3045.0,0.0,0.0,0.0,0.0,22.0,23.0,25.0,23.0
2020-06-01 10:07:56.187500,0.0,0.0,0.0,0.0,1.0,3044.0,3044.0,3040.0,3044.0,0.0,0.0,0.0,0.0,24.0,23.0,25.0,23.0
2020-06-01 10:07:56.218750,0.0,0.0,0.0,0.0,1.0,3044.0,3044.0,3041.0,3044.0,0.0,0.0,0.0,0.0,24.0,22.0,25.0,23.0
2020-06-01 10:07:56.406250,0.0,0.0,0.0,0.0,1.0,3047.0,3043.0,3038.0,3045.0,0.0,0.0,0.0,0.0,24.0,22.0,25.0,24.0
2020-06-01 10:07:56.468750,0.0,0.0,0.0,0.0,1.0,3044.0,3041.0,3038.0,3045.0,0.0,0.0,0.0,0.0,24.0,22.0,25.0,24.0
2020-06-01 10:07:56.562500,0.0,0.0,0.0,0.0,1.0,3049.0,3044.0,3041.0,3045.0,0.0,0.0,0.0,0.0,24.0,22.0,25.0,24.0
2020-06-01 10:07:56.625000,0.0,0.0,0.0,0.0,1.0,3049.0,3043.0,3040.0,3041.0,0.0,0.0,0.0,0.0,24.0,22.0,25.0,24.0
2020-06-01 10:07:56.718750,0.0,0.0,0.0,0.0,1.0,3044.0,3043.0,3040.0,3041.0,0.0,0.0,0.0,0.0,24.0,22.0,25.0,24.0
2020-06-01 10:07:56.750000,0.0,0.0,0.0,0.0,1.0,3044.0,3043.0,3040.0,3041.0,0.0,0.0,0.0,0.0,24.0,22.0,25.0,24.0
2020-06-01 10:07:56.781250,0.0,0.0,0.0,0.0,1.0,3044.0,3043.0,3040.0,3045.0,0.0,0.0,0.0,0.0,24.0,22.0,25.0,24.0
2020-06-01 10:07:57.031250,0.0,0.0,0.0,0.0,1.0,3045.0,3043.0,3040.0,3043.0,0.0,0.0,0.0,0.0,24.0,22.0,25.0,24.0
2020-06-01 10:07:57.125000,0.0,0.0,0.0,0.0,1.0,3042.0,3044.0,3040.0,3046.0,0.0,0.0,0.0,0.0,24.0,22.0,25.0,24.0
2020-06-01 10:07:57.250000,0.0,0.0,0.0,0.0,1.0,3042.0,3039.0,3040.0,3047.0,0.0,0.0,0.0,0.0,24.0,22.0,25.0,24.0
2020-06-01 10:07:57.281250,0.0,0.0,0.0,0.0,1.0,3042.0,3039.0,3040.0,3041.0,0.0,0.0,0.0,0.0,24.0,22.0,25.0,24.0
2020-06-01 10:07:57.312500,0.0,0.0,0.0,0.0,1.0,3042.0,3039.0,3040.0,3041.0,0.0,0.0,0.0,0.0,24.0,22.0,25.0,24.0
2020-06-01 10:07:57.343750,0.0,0.0,0.0,0.0,1.0,3042.0,3039.0,3040.0,3041.0,0.0,0.0,0.0,0.0,24.0,22.0,25.0,24.0
2020-06-01 10:07:57.375000,0.0,0.0,0.0,0.0,1.0,3043.0,3039.0,3040.0,3043.0,0.0,0.0,0.0,0.0,24.0,22.0,25.0,24.0
2020-06-01 10:07:57.406250,0.0,0.0,0.0,0.0,1.0,3043.0,3039.0,3040.0,3043.0,0.0,0.0,0.0,0.0,24.0,22.0,25.0,24.0
2020-06-01 10:07:57.593750,0.0,0.0,0.0,0.0,1.0,3044.0,3046.0,3038.0,3046.0,0.0,0.0,0.0,0.0,24.0,22.0,25.0,24.0
2020-06-01 10:07:57.687500,0.0,0.0,0.0,0.0,1.0,3045.0,3037.0,3039.0,3044.0,0.0,0.0,0.0,0.0,24.0,22.0,25.0,24.0
2020-06-01 10:07:57.750000,0.0,0.0,0.0,0.0,1.0,3047.0,3042.0,3039.0,3044.0,0.0,0.0,0.0,0.0,24.0,22.0,25.0,24.0
2020-06-01 10:07:57.812500,0.0,0.0,0.0,0.0,1.0,3047.0,3042.0,3040.0,3044.0,0.0,0.0,0.0,0.0,24.0,22.0,25.0,24.0
2020-06-01 10:07:57.843750,0.0,0.0,0.0,0.0,1.0,3047.0,3044.0,3040.0,3044.0,0.0,0.0,0.0,0.0,24.0,22.0,25.0,24.0
2020-06-01 10:07:57.875000,0.0,0.0,0.0,0.0,1.0,3047.0,3044.0,3040.0,3049.0,0.0,0.0,0.0,0.0,24.0,22.0,25.0,24.0
2020-06-01 10:07:57.937500,0.0,0.0,0.0,0.0,1.0,3047.0,3039.0,3034.0,3049.0,0.0,0.0,0.0,0.0,24.0,22.0,25.0,24.0
2020-06-01 10:07:57.968750,0.0,0.0,0.0,0.0,1.0,3044.0,3039.0,3034.0,3049.0,0.0,0.0,0.0,0.0,24.0,22.0,25.0,24.0
2020-06-01 10:07:58.031250,0.0,0.0,0.0,0.0,1.0,3044.0,3041.0,3039.0,3043.0,0.0,0.0,0.0,0.0,24.0,22.0,25.0,24.0
2020-06-01 10:07:58.062500,0.0,0.0,0.0,0.0,1.0,3045.0,3041.0,3039.0,3043.0,0.0,0.0,0.0,0.0,24.0,22.0,25.0,24.0
2020-06-01 10:07:58.125000,0.0,0.0,0.0,0.0,1.0,3045.0,3041.0,3040.0,3050.0,0.0,0.0,0.0,0.0,24.0,22.0,25.0,24.0
2020-06-01 10:07:58.156250,0.0,0.0,0.0,0.0,1.0,3045.0,3041.0,3040.0,3050.0,0.0,0.0,0.0,0.0,24.0,22.0,25.0,24.0
2020-06-01 10:07:58.187500,0.0,0.0,0.0,0.0,1.0,3045.0,3041.0,3040.0,3043.0,0.0,0.0,0.0,0.0,23.0,22.0,25.0,24.0
2020-06-01 10:07:58.250000,0.0,0.0,0.0,0.0,1.0,3044.0,3043.0,3040.0,3043.0,0.0,0.0,0.0,0.0,23.0,23.0,26.0,24.0
2020-06-01 10:07:58.312500,0.0,0.0,0.0,0.0,1.0,3044.0,3043.0,3040.0,3045.0,0.0,0.0,0.0,0.0,23.0,23.0,26.0,24.0
2020-06-01 10:07:58.375000,0.0,0.0,0.0,0.0,1.0,3044.0,3042.0,3040.0,3043.0,0.0,0.0,0.0,0.0,23.0,23.0,26.0,24.0
2020-06-01 10:07:58.406250,0.0,0.0,0.0,0.0,1.0,3044.0,3042.0,3042.0,3043.0,0.0,0.0,0.0,0.0,23.0,23.0,26.0,24.0
2020-06-01 10:07:58.437500,0.0,0.0,0.0,0.0,1.0,3044.0,3045.0,3042.0,3043.0,0.0,0.0,0.0,0.0,23.0,23.0,26.0,24.0
2020-06-01 10:07:58.468750,0.0,0.0,0.0,0.0,1.0,3043.0,3045.0,3042.0,3043.0,0.0,0.0,0.0,0.0,23.0,23.0,26.0,24.0
2020-06-01 10:07:58.562500,0.0,0.0,0.0,0.0,1.0,3042.0,3043.0,3040.0,3043.0,0.0,0.0,0.0,0.0,23.0,23.0,26.0,24.0
2020-06-01 10:07:58.687500,0.0,0.0,0.0,0.0,1.0,3044.0,3043.0,3040.0,3046.0,0.0,0.0,0.0,0.0,23.0,23.0,26.0,24.0
2020-06-01 10:07:58.718750,0.0,0.0,0.0,0.0,1.0,3044.0,3043.0,3040.0,3046.0,0.0,0.0,0.0,0.0,23.0,23.0,26.0,24.0
2020-06-01 10:07:58.843750,0.0,0.0,0.0,0.0,1.0,3044.0,3047.0,3040.0,3043.0,0.0,0.0,0.0,0.0,23.0,23.0,26.0,24.0
2020-06-01 10:07:58.875000,0.0,0.0,0.0,0.0,1.0,3044.0,3047.0,3040.0,3044.0,0.0,0.0,0.0,0.0,23.0,23.0,26.0,24.0
2020-06-01 10:07:58.937500,0.0,0.0,0.0,0.0,1.0,3044.0,3042.0,3036.0,3044.0,0.0,0.0,0.0,0.0,23.0,23.0,26.0,24.0
2020-06-01 10:07:59.000000,0.0,0.0,0.0,0.0,1.0,3047.0,3042.0,3042.0,3044.0,0.0,0.0,0.0,0.0,23.0,23.0,26.0,24.0
2020-06-01 10:07:59.031250,0.0,0.0,0.0,0.0,1.0,3047.0,3043.0,3042.0,3044.0,0.0,0.0,0.0,0.0,23.0,23.0,26.0,24.0
2020-06-01 10:07:59.125000,0.0,0.0,0.0,0.0,1.0,3044.0,3042.0,3041.0,3046.0,0.0,0.0,0.0,0.0,23.0,23.0,26.0,24.0
